trial,gameId,words,target,distractor
4,3nbqrK7ZNYhtaS5Ko,a square,bunny,baby
4,5EaTR8ZGFDCyFdwkf,on this side,dancer,bunny
4,6qtxht66CPuAbKqzz,"a triangle with another triangle attached with a square, a triangle, and, a triangle",bunny,zombie
4,6sYhrNGKfSytZ28qg,a doggy,dancer,bunny
4,7f52Qvo3WtHSDBBiT,"a banana, it has a diamond on the top",baby,bunny
4,DL7ddsvxyC39tP4TL,a shoe,bunny,zombie
4,DRHtzr7ykXWJA4nFR,a foot,bunny,dancer
4,ExNxH8bdgq2WnajcJ,"a person, the square on the back, shoes, shoes on, a person, pointy on the end and then they go this way, they go this way, they go up, they go way down that way, down, pick up, square and a half and has a square",zombie,bunny
4,FE4m6DqfbQWmwgniQ,a shoe,bunny,dancer
4,HErfYAkWib7yZteR2,a bunny,bunny,baby
4,HTwFJLfWj4A8u7QGj,a shoe,dancer,bunny
4,MKgFM7dNwHBspHZpW,a walrus,dancer,zombie
4,NFd7tdjLvdX2zjRNZ,"the square with, a feet, a leap, and a square heard",zombie,baby
4,SMwumSqBHRTBS4fK9,a kind of shape,zombie,dancer
4,XdB6EQahFnDworHaK,"not two bars, then me and Thomas Percy to not to go in the road,, then Percy, Thomas will go in the track.",bunny,dancer
4,agAoF77MYYBc2KGLh,"a diamond, a diamond on top",baby,bunny
4,bQQdJ8kC5uKYc7xbb,pointing on the top,baby,dancer
4,cpaM8z4mzevNTgp9W,a bunny,bunny,dancer
4,eYARBXoqF7mdFzui6,person,bunny,zombie
4,egcWimukrEpCBzMst,Weird-looking shoe,dancer,bunny
4,fwqatWCkXaJQfvkn2,a diamond,bunny,baby
4,gZBFkYh7KzvX54oiG,"a wing man, one that doesn’t have a triangle and the other has a triangle",bunny,dancer
4,gh5m6L567Rj8kDBb7,garbage,dancer,baby
4,hhgH3qxpXmvGT7bBS,"a bunny, an ear like that and the body something like that",bunny,dancer
4,hwsb4A7YdQaangawz,a sausage that has a strawberry top,baby,dancer
4,hwtLvim5zdhScLEg4,a dinosaur,zombie,baby
4,odohRrMxG3FfX4xMQ,a person with a neck tie going on the back,zombie,dancer
4,qKvDzndtLRHdnA93s,a shoe mate,bunny,baby
4,siqgDfwwvXutvEif8,"a person, a shape that’s kind of like a diamond, a shape that’s this way and like that way, one that’s down right there, it angles them like the center, like a shoe, and there’s a square on it’s back",zombie,dancer
4,tMqYmPhQXDtTs3dNd,"little banana walk like a worm, a blaster, a blaster, a snake, a monster, a horse",baby,zombie
4,uw4Hv2cS5RgAxMQPS,"a man with some squares, a square in his teeth, the dog, who had the triangle",zombie,dancer
4,wL7EjQmFuYxmHo6Ws,"a people, a people",zombie,bunny
4,zSNrxaAjN8X8xcMGQ,"blocks, the shoe and the different shoe, a cruise shoe and a nice shoe",dancer,bunny
5,3nbqrK7ZNYhtaS5Ko,"a diamond, a diamond",zombie,dancer
5,5EaTR8ZGFDCyFdwkf,on this side,bunny,zombie
5,6qtxht66CPuAbKqzz,"a square, the square one with a triangle part with a diamond on top, and a crawling thing turned in this way",baby,zombie
5,6sYhrNGKfSytZ28qg,a rabbit,bunny,dancer
5,7f52Qvo3WtHSDBBiT,a kangaroo,bunny,zombie
5,DL7ddsvxyC39tP4TL,a girl’s shoe,dancer,bunny
5,ExNxH8bdgq2WnajcJ,"a boot, a diamond at the top like a face, a whole body, a little tiny point on the top, has a pointy like over here",baby,dancer
5,FE4m6DqfbQWmwgniQ,"a diamond, I don’t know the neck shape, on top of something",baby,bunny
5,HErfYAkWib7yZteR2,a person,dancer,zombie
5,HTwFJLfWj4A8u7QGj,"a bottle that has a triangle there and a triangle on top., a bottle that has a triangle here and a square over there",baby,zombie
5,M9MY6utuCtjoGaZMP,a sculpture,dancer,zombie
5,MKgFM7dNwHBspHZpW,an owl with a little dot at the top,baby,dancer
5,SMwumSqBHRTBS4fK9,"a kind of shape, a thing like a big rectangle, a kite, a shape with a pointy back and a pointy triangle",dancer,baby
5,XdB6EQahFnDworHaK,tracks,zombie,baby
5,agAoF77MYYBc2KGLh,a square and a pointy thing on the other side,dancer,zombie
5,bQQdJ8kC5uKYc7xbb,"triangles, triangles",bunny,dancer
5,cpaM8z4mzevNTgp9W,candy,baby,zombie
5,eYARBXoqF7mdFzui6,a chair,baby,bunny
5,egcWimukrEpCBzMst,someone walking in clothes and they don’t see the possum,zombie,bunny
5,fwqatWCkXaJQfvkn2,"kind of strange, strange thing",dancer,zombie
5,gZBFkYh7KzvX54oiG,the stomp hero,zombie,bunny
5,hhgH3qxpXmvGT7bBS,a triangle on top,baby,bunny
5,hwsb4A7YdQaangawz,on the side of the one you just told me,dancer,baby
5,hwtLvim5zdhScLEg4,a dancer,dancer,baby
5,odohRrMxG3FfX4xMQ,has a shoe but on the top this is a diamond,dancer,baby
5,qKvDzndtLRHdnA93s,a shoe,dancer,baby
5,siqgDfwwvXutvEif8,a diamond and a chair,baby,bunny
5,tMqYmPhQXDtTs3dNd,"a horse, a man",zombie,baby
5,uw4Hv2cS5RgAxMQPS,"a sun and stairs, a girl that is kneeling down, the girl has the tape, the girl that has the dress",dancer,bunny
5,wL7EjQmFuYxmHo6Ws,"a house with a diamond, on the top",baby,bunny
5,zSNrxaAjN8X8xcMGQ,"blocks, a person, a stay still people, this guy is so small and it stays still",baby,zombie
6,3nbqrK7ZNYhtaS5Ko,a diamond,baby,bunny
6,5EaTR8ZGFDCyFdwkf,the big spot and then the little spot on top,baby,dancer
6,6qtxht66CPuAbKqzz,"like a L, but it’s not an L, the L part is bending this way with a triangle and a square, it’s holding onto this thing that’s sticking up, one thing that’s sticking up with a triangle",dancer,bunny
6,6sYhrNGKfSytZ28qg,an arrow,baby,bunny
6,7f52Qvo3WtHSDBBiT,a walking person,zombie,baby
6,DL7ddsvxyC39tP4TL,a person walking but with no arms,zombie,dancer
6,DRHtzr7ykXWJA4nFR,a kid,baby,zombie
6,ExNxH8bdgq2WnajcJ,"a boot, points on the top, a square with a middle",bunny,zombie
6,FE4m6DqfbQWmwgniQ,a snail,dancer,zombie
6,HErfYAkWib7yZteR2,a people,zombie,baby
6,HTwFJLfWj4A8u7QGj,"a shoe, bottle not in the square box",bunny,baby
6,MKgFM7dNwHBspHZpW,a person with a bow on their head,bunny,baby
6,NFd7tdjLvdX2zjRNZ,a mountain with a bone on it,bunny,dancer
6,SMwumSqBHRTBS4fK9,"a shape that has a trunk on the front, a pointy triangle on the top",bunny,zombie
6,XdB6EQahFnDworHaK,this mark is for large to you,dancer,bunny
6,agAoF77MYYBc2KGLh,"a square on the back, a pointy bit sticking up",zombie,dancer
6,bQQdJ8kC5uKYc7xbb,"triangles in the bottom, a swirl on the top",zombie,bunny
6,cpaM8z4mzevNTgp9W,a bunny,dancer,zombie
6,eYARBXoqF7mdFzui6,a human,zombie,dancer
6,egcWimukrEpCBzMst,"a shoe that has one spike that’s big, and one other one that’s smaller and that’s a square, and a top of a shoe that has a little, triangle at the bottom",bunny,dancer
6,fqzpvRcLPLGuHsYJy,"box, a person in the door",baby,zombie
6,gZBFkYh7KzvX54oiG,"straight thing, at the bottom I got a turban, at the top I got a diamond",baby,dancer
6,gh5m6L567Rj8kDBb7,a bunny,bunny,baby
6,hhgH3qxpXmvGT7bBS,a little pointy head walking like in the front,zombie,dancer
6,hwsb4A7YdQaangawz,a koala walking that has a backpack,zombie,bunny
6,hwtLvim5zdhScLEg4,the banana,baby,zombie
6,odohRrMxG3FfX4xMQ,a person sitting down in a chair,baby,zombie
6,qKvDzndtLRHdnA93s,"a hanger for a dad when they go to work, a person walking, a diamond on the top and a shape on the bottom that I don’t know",baby,zombie
6,siqgDfwwvXutvEif8,"a down face, with a neck on the ground and a feet, and one feet is going down one feet up, and a square on the leg",dancer,baby
6,tMqYmPhQXDtTs3dNd,"horse, a snail, a snail, an arrow",dancer,baby
6,uw4Hv2cS5RgAxMQPS,"a tower, and stairs",baby,bunny
6,wL7EjQmFuYxmHo6Ws,a dog,dancer,bunny
6,zSNrxaAjN8X8xcMGQ,"blocks, a shoe, a stay still person and a shoe, a shoe",bunny,baby
7,3nbqrK7ZNYhtaS5Ko,"a diamond, a square",dancer,baby
7,5EaTR8ZGFDCyFdwkf,the one laying down,zombie,dancer
7,6qtxht66CPuAbKqzz,"a wish, a square",zombie,dancer
7,6sYhrNGKfSytZ28qg,"a people, a person",zombie,baby
7,7f52Qvo3WtHSDBBiT,"a kangaroo that has a diamond on her head, a diamond",dancer,zombie
7,DL7ddsvxyC39tP4TL,a square thing,baby,zombie
7,ExNxH8bdgq2WnajcJ,an exercise like this,dancer,zombie
7,FE4m6DqfbQWmwgniQ,a square,zombie,baby
7,HErfYAkWib7yZteR2,a person,baby,dancer
7,HTwFJLfWj4A8u7QGj,"a fox that has a beautiful, a fox that is like that, a fox that has his foot up in like a triangle",zombie,dancer
7,M9MY6utuCtjoGaZMP,"a scorcher, the bigger one, pointy on the bottom, and the top and the other top, a square, a triangle here, and another triangle",bunny,baby
7,MKgFM7dNwHBspHZpW,a person with a backpack,zombie,dancer
7,SMwumSqBHRTBS4fK9,"a bunny kind of shape, like a triangle on top",baby,bunny
7,XdB6EQahFnDworHaK,"a sausage, It is large enough to help,, and yes, to walk, and yes, to slay., so so so and it has a, diamond, on the very very beginning",baby,bunny
7,agAoF77MYYBc2KGLh,two pointy things sticking up,bunny,baby
7,bQQdJ8kC5uKYc7xbb,"a diamond, and a triangle on the top, one triangle on the bottom",dancer,zombie
7,cpaM8z4mzevNTgp9W,"a hammer, a head looking down, a sculpture",zombie,dancer
7,eYARBXoqF7mdFzui6,"a ramp, paper",dancer,baby
7,egcWimukrEpCBzMst,this bow with a square that’s on tipping like this,baby,zombie
7,gZBFkYh7KzvX54oiG,"one triangle and a square, a square one",dancer,baby
7,hhgH3qxpXmvGT7bBS,"a triangle on top, like a square",dancer,zombie
7,hwsb4A7YdQaangawz,a bunny,bunny,zombie
7,hwtLvim5zdhScLEg4,a people,bunny,baby
7,odohRrMxG3FfX4xMQ,a shoe and on the top it has a little bow,bunny,zombie
7,qKvDzndtLRHdnA93s,"something on the top, a diamond on the top, a person walking with no hands",zombie,bunny
7,siqgDfwwvXutvEif8,a square and a leg and two triangles on the top,bunny,dancer
7,tMqYmPhQXDtTs3dNd,a slide,bunny,dancer
7,uw4Hv2cS5RgAxMQPS,"a tail, has a tail, the tad, two triangle, a triangle, and one triangle, and a big triangle, the person",bunny,zombie
7,wL7EjQmFuYxmHo6Ws,"a steep hill with a box, and some triangles on top, they’re on top of each other, and that’s all",bunny,baby
7,zSNrxaAjN8X8xcMGQ,a guy that has a leg,zombie,dancer
8,3nbqrK7ZNYhtaS5Ko,a diamond,baby,zombie
8,5EaTR8ZGFDCyFdwkf,"a train, a big dot and a little diamond on top",baby,dancer
8,6qtxht66CPuAbKqzz,"the same one we did this time, the triangle and now a triangle attached with a square, a triangle, and a triangle",bunny,dancer
8,7f52Qvo3WtHSDBBiT,"a person that’s walking and has a square, like on his shoulder",zombie,dancer
8,DL7ddsvxyC39tP4TL,the person walking with a bag,zombie,dancer
8,ExNxH8bdgq2WnajcJ,"the one earlier, that’s the one I didn’t get right, the one I got wrong, a square on the back and the head is going down",zombie,dancer
8,FE4m6DqfbQWmwgniQ,a diamond,zombie,dancer
8,HErfYAkWib7yZteR2,a people,dancer,baby
8,HTwFJLfWj4A8u7QGj,"a black guy with triangles on top of his head, the black guy who looks like the fox",zombie,baby
8,M9MY6utuCtjoGaZMP,a bunny,bunny,zombie
8,MKgFM7dNwHBspHZpW,a person sitting in a chair,bunny,zombie
8,NFd7tdjLvdX2zjRNZ,"running with, a curved rectangle with a point on it",baby,dancer
8,SMwumSqBHRTBS4fK9,"a triangle on the side, also one on the top side, a square that looks like a diamond",zombie,baby
8,XdB6EQahFnDworHaK,"This part does not help to help,, and not this you,, it does not help the Thomas in large inner track.",dancer,bunny
8,bQQdJ8kC5uKYc7xbb,"two triangles on the top, and then the bottom there is, kind of a triangle",bunny,zombie
8,cpaM8z4mzevNTgp9W,"looking down, something looking down",zombie,baby
8,eYARBXoqF7mdFzui6,"a ramp, a human",baby,dancer
8,egcWimukrEpCBzMst,weird looking picture window,baby,dancer
8,fqzpvRcLPLGuHsYJy,guys,dancer,bunny
8,gZBFkYh7KzvX54oiG,"curve, triangle at the bottom, a triangle at the top and a square at the top, two triangles on this one, and this one has one triangle and one square",dancer,bunny
8,gh5m6L567Rj8kDBb7,"yeti, a banana",zombie,baby
8,hhgH3qxpXmvGT7bBS,"a diamond on top and like two... one of these on top and one of these on the bottom., something like laying down like a shape like this",dancer,bunny
8,hwsb4A7YdQaangawz,a shoe,dancer,zombie
8,hwtLvim5zdhScLEg4,a dinosaur,dancer,zombie
8,odohRrMxG3FfX4xMQ,"shoe, necktie, name tag, a shirt",dancer,baby
8,qKvDzndtLRHdnA93s,a diamond on the top and it looks like a shoe,dancer,zombie
8,siqgDfwwvXutvEif8,"a piece of shape on it, it’s making, something sticks and there’s a square on it, for a face and then there’s one that looks like this, one part there and one part there, a bunny, a bunny sitting down",bunny,baby
8,tMqYmPhQXDtTs3dNd,"banana worms, a little worm, a diamond",baby,dancer
8,uw4Hv2cS5RgAxMQPS,"one shape, a thing, like this, a triangle and a square and a big, connects like a square, maybe a rectangle, I don’t know what shape",bunny,dancer
8,wL7EjQmFuYxmHo6Ws,a person sitting,baby,dancer
8,zSNrxaAjN8X8xcMGQ,"a man that has like a tag on his back, a shoe",zombie,bunny
9,3nbqrK7ZNYhtaS5Ko,a square,dancer,bunny
9,5EaTR8ZGFDCyFdwkf,"the one laying down, too big",dancer,baby
9,6qtxht66CPuAbKqzz,the same thing as last time,baby,bunny
9,6sYhrNGKfSytZ28qg,another people,zombie,dancer
9,7f52Qvo3WtHSDBBiT,the same thing,dancer,zombie
9,ExNxH8bdgq2WnajcJ,"a square on the back, a triangle, square on the back, a little over here",dancer,zombie
9,FE4m6DqfbQWmwgniQ,a square,dancer,bunny
9,HTwFJLfWj4A8u7QGj,a bottle,baby,bunny
9,M9MY6utuCtjoGaZMP,"a square on top, and a triangle on the top, and a triangle on the top, a triangle on the body, a triangle on the back, another triangle on the neck part",dancer,bunny
9,MKgFM7dNwHBspHZpW,a dog with a square,dancer,baby
9,NFd7tdjLvdX2zjRNZ,a bone on the head and a square,bunny,zombie
9,SMwumSqBHRTBS4fK9,a mountain,bunny,baby
9,XdB6EQahFnDworHaK,a sausage,baby,bunny
9,bQQdJ8kC5uKYc7xbb,triangles and diamonds on the top,dancer,zombie
9,eYARBXoqF7mdFzui6,"ramp, a lamp",dancer,bunny
9,egcWimukrEpCBzMst,this weird shoe,bunny,zombie
9,fqzpvRcLPLGuHsYJy,"a dog, a black dog, not the person",zombie,baby
9,gZBFkYh7KzvX54oiG,a diamond on the top,baby,zombie
9,hhgH3qxpXmvGT7bBS,some triangles on top,bunny,dancer
9,hwsb4A7YdQaangawz,walking with a backpack,zombie,dancer
9,hwtLvim5zdhScLEg4,a dinosaur,zombie,bunny
9,odohRrMxG3FfX4xMQ,a shoe and it has a bun but on top,bunny,dancer
9,qKvDzndtLRHdnA93s,"a bow tie, something that dad would wear when they go to work, the diamond on the back, a diamond on the back of this person with no hands, a diamond on the top, a bow tie that dad would wear when they go to work",baby,zombie
9,siqgDfwwvXutvEif8,"a square and a, triangle, a pizza slice, and another pizza slice on its bottom",dancer,bunny
9,tMqYmPhQXDtTs3dNd,a bunny and a slide,bunny,zombie
9,uw4Hv2cS5RgAxMQPS,"the black box on the tower, a door",dancer,baby
9,wL7EjQmFuYxmHo6Ws,"the same thing, a steep hill, a person with two triangles on his head",bunny,zombie
9,zSNrxaAjN8X8xcMGQ,a funny shoe,dancer,baby
10,3nbqrK7ZNYhtaS5Ko,"a diamond, square, a diamond",bunny,baby
10,5EaTR8ZGFDCyFdwkf,the ramp with the thing on top,bunny,baby
10,6qtxht66CPuAbKqzz,a person with a square on the back,zombie,baby
10,6sYhrNGKfSytZ28qg,a bunny,bunny,baby
10,7f52Qvo3WtHSDBBiT,a banana that has a diamond on it,baby,bunny
10,DL7ddsvxyC39tP4TL,a woman’s shoe ties a string,bunny,dancer
10,DRHtzr7ykXWJA4nFR,"a kitty, a little baby",baby,dancer
10,ExNxH8bdgq2WnajcJ,"this way, a point on the top, a point going this way, it goes like this and then it goes this way, and then it goes right down, and then it goes this way again, and then it goes that way, it goes that way, and then it goes straight this way, and then it goes up this way, and then it goes up this way, this goes this way, and then it goes again, a point, the point is on the top, the point is not on the back, on the top, a pointy goody",baby,zombie
10,FE4m6DqfbQWmwgniQ,a jail,bunny,zombie
10,HTwFJLfWj4A8u7QGj,a shoe,bunny,baby
10,M9MY6utuCtjoGaZMP,tree er,baby,dancer
10,MKgFM7dNwHBspHZpW,a person on a hike,baby,zombie
10,NFd7tdjLvdX2zjRNZ,"a square with a triangle that doesn’t look like a triangle, and another triangle that doesn’t look like a triangle, and a bended rectangle",dancer,bunny
10,SMwumSqBHRTBS4fK9,"a triange on the front, on the back top, a diamond, or square",dancer,bunny
10,XdB6EQahFnDworHaK,"the large, this you, and the large and huge",zombie,dancer
10,bQQdJ8kC5uKYc7xbb,"a swirl on the top, triangles on the bottom",zombie,bunny
10,cpaM8z4mzevNTgp9W,a bunny,bunny,dancer
10,egcWimukrEpCBzMst,a man with a square on his back,zombie,baby
10,fqzpvRcLPLGuHsYJy,"this, a hollywood",baby,dancer
10,gZBFkYh7KzvX54oiG,"a big hill but it only got two, two triangles",bunny,dancer
10,gh5m6L567Rj8kDBb7,"a bird with a little flag on its back walking, this one, a flag that has what he said about",dancer,zombie
10,hhgH3qxpXmvGT7bBS,something like a square here,zombie,bunny
10,hwsb4A7YdQaangawz,a sausage that has a leaf,baby,dancer
10,hwtLvim5zdhScLEg4,"a dinosaur, a banana, One, two, three, four, five, six, seven, eight, nine, ten.",bunny,baby
10,odohRrMxG3FfX4xMQ,a person having a necktie out,baby,dancer
10,qKvDzndtLRHdnA93s,a bow tie on the top of a shoe,bunny,zombie
10,siqgDfwwvXutvEif8,"its heads down and one foot down, and one foot up and square on its back, and a part for its body",zombie,bunny
10,tMqYmPhQXDtTs3dNd,banana snail,dancer,baby
10,uw4Hv2cS5RgAxMQPS,"a door with a square, the guy who put it on his shoe, a square up and a door and a thing that links this",baby,zombie
10,wL7EjQmFuYxmHo6Ws,a dog with a triangle,dancer,baby
10,zSNrxaAjN8X8xcMGQ,a shoe,bunny,zombie
11,3nbqrK7ZNYhtaS5Ko,a square,zombie,baby
11,5EaTR8ZGFDCyFdwkf,the one walking,zombie,baby
11,6qtxht66CPuAbKqzz,a square,dancer,baby
11,6sYhrNGKfSytZ28qg,a boat cuz it has this and that,baby,bunny
11,7f52Qvo3WtHSDBBiT,a kangaroo,bunny,baby
11,DRHtzr7ykXWJA4nFR,bunny,dancer,bunny
11,FE4m6DqfbQWmwgniQ,a diamond,baby,dancer
11,HTwFJLfWj4A8u7QGj,"a shoe, a bottle, a shoe",dancer,baby
11,M9MY6utuCtjoGaZMP,"a person holding something, a person holding, a bag of something, a bag of something, a bunch of this on the face, and a the square, the same shape as",zombie,baby
11,MKgFM7dNwHBspHZpW,a person doing high kick,zombie,baby
11,NFd7tdjLvdX2zjRNZ,a square on the back and feet,zombie,bunny
11,SMwumSqBHRTBS4fK9,a bun,baby,dancer
11,XdB6EQahFnDworHaK,"a shoe, a triangle shoe, that has a ribbon on the very very top",bunny,baby
11,bQQdJ8kC5uKYc7xbb,diamond on the top,baby,dancer
11,cpaM8z4mzevNTgp9W,candy,baby,zombie
11,eYARBXoqF7mdFzui6,person,zombie,baby
11,egcWimukrEpCBzMst,"this thing, part of a square and the square tipping over, and the part of the square is facing down on the back",dancer,bunny
11,gZBFkYh7KzvX54oiG,has a stomp,zombie,bunny
11,hhgH3qxpXmvGT7bBS,"a triangle, a triangle on the head, on the head",baby,zombie
11,hwsb4A7YdQaangawz,a bunny,bunny,dancer
11,odohRrMxG3FfX4xMQ,a person that has something on the back,zombie,dancer
11,qKvDzndtLRHdnA93s,something that has a diamond on top,zombie,baby
11,siqgDfwwvXutvEif8,"a diamond on its head, and it’s like a rocker chair",baby,bunny
11,tMqYmPhQXDtTs3dNd,"people watching at work, this one man",zombie,bunny
11,wL7EjQmFuYxmHo6Ws,"some kind of creature, that if this is up, one is down like this, and it’s heading for him down, and they’ll sway on his back",zombie,bunny
11,zSNrxaAjN8X8xcMGQ,a face to a funny person,baby,zombie
12,3nbqrK7ZNYhtaS5Ko,a square,dancer,baby
12,5EaTR8ZGFDCyFdwkf,"the one that’s sitting, sitting down",dancer,baby
12,6qtxht66CPuAbKqzz,a person with a square on the back,zombie,bunny
12,6sYhrNGKfSytZ28qg,a person,zombie,dancer
12,7f52Qvo3WtHSDBBiT,a square on top of his shoulder,dancer,bunny
12,DL7ddsvxyC39tP4TL,a jar,baby,zombie
12,DRHtzr7ykXWJA4nFR,a foot,baby,dancer
12,ExNxH8bdgq2WnajcJ,"rainbow, a rainbow, a rainbow spinner wheelie, shiny, it goes this way, the points go this way, this way and that way, both ways, not the point behind the person",baby,zombie
12,FE4m6DqfbQWmwgniQ,a jail,bunny,baby
12,HTwFJLfWj4A8u7QGj,a shoe,dancer,bunny
12,MKgFM7dNwHBspHZpW,a woman with a hat,dancer,bunny
12,NFd7tdjLvdX2zjRNZ,"a bended rectangle and a triangle that doesn’t look like a triangle, and now a triangle, and a square",dancer,baby
12,SMwumSqBHRTBS4fK9,"a triangle on the front, the middle, a diamond, and on the top two triangles",bunny,baby
12,XdB6EQahFnDworHaK,this part the rainbow is very pretty,baby,dancer
12,bQQdJ8kC5uKYc7xbb,"swirl on the top, triangles on the bottom",zombie,dancer
12,cpaM8z4mzevNTgp9W,a bunny,bunny,zombie
12,eYARBXoqF7mdFzui6,a lamp,dancer,baby
12,egcWimukrEpCBzMst,weird looking shoe,dancer,baby
12,fqzpvRcLPLGuHsYJy,"this, this, guys",dancer,bunny
12,gZBFkYh7KzvX54oiG,dancing,zombie,bunny
12,gh5m6L567Rj8kDBb7,"a pterodactyl with a flag on its back, a pterodactyl with a flag on its back",baby,dancer
12,hhgH3qxpXmvGT7bBS,a little diamond thing on top of the head,baby,bunny
12,hwsb4A7YdQaangawz,a bunny,bunny,dancer
12,hwtLvim5zdhScLEg4,the banana,dancer,baby
12,odohRrMxG3FfX4xMQ,a shoe,dancer,zombie
12,qKvDzndtLRHdnA93s,diamond on here and it’s on a shoe,dancer,zombie
12,siqgDfwwvXutvEif8,"a head down, the triangle is shaped and it has a little pointy part, on its nose and it has a square, a long square body",dancer,baby
12,tMqYmPhQXDtTs3dNd,"a worm, a worm",baby,zombie
12,uw4Hv2cS5RgAxMQPS,"a girl that is kneeling down, the other one with a tower",dancer,baby
12,wL7EjQmFuYxmHo6Ws,a person with a diamond on the top,baby,zombie
12,zSNrxaAjN8X8xcMGQ,"a cat’s shoe, another shoe",bunny,baby
13,3nbqrK7ZNYhtaS5Ko,a diamond,baby,zombie
13,5EaTR8ZGFDCyFdwkf,the one walking,zombie,dancer
13,6qtxht66CPuAbKqzz,"the same thing as last time, the triangle and then a triangle connected with a square and the triangle, the other one",baby,bunny
13,6sYhrNGKfSytZ28qg,a boat,baby,bunny
13,7f52Qvo3WtHSDBBiT,a banana and a diamond top,baby,dancer
13,DL7ddsvxyC39tP4TL,a woman’s shoe,dancer,bunny
13,FE4m6DqfbQWmwgniQ,a square,dancer,zombie
13,HTwFJLfWj4A8u7QGj,a shoe,bunny,baby
13,MKgFM7dNwHBspHZpW,a person walking with backpacks,zombie,baby
13,NFd7tdjLvdX2zjRNZ,"a square on the back, and feet, pointy nose",zombie,bunny
13,SMwumSqBHRTBS4fK9,a bunny,baby,dancer
13,XdB6EQahFnDworHaK,"triangle just has a rebound on the very, very, very, very top.",bunny,baby
13,bQQdJ8kC5uKYc7xbb,a diamond and a triangle on the top,dancer,bunny
13,cpaM8z4mzevNTgp9W,a head looking down,zombie,dancer
13,eYARBXoqF7mdFzui6,a human,zombie,baby
13,egcWimukrEpCBzMst,"this guy walking in here without being seen, a square on his back?",zombie,bunny
13,gZBFkYh7KzvX54oiG,"two triangles, two things, a square one, a mouth, but a square mouth, two triangles like his ears",bunny,dancer
13,gh5m6L567Rj8kDBb7,a pterodactyl with a flag on its back,dancer,baby
13,hhgH3qxpXmvGT7bBS,"a little square on the top of the head, no, maybe on the neck, in the back of the head, in the back of the, a body like this",dancer,zombie
13,hwsb4A7YdQaangawz,the man walking and he has a backpack,zombie,baby
13,hwtLvim5zdhScLEg4,the banana,baby,zombie
13,odohRrMxG3FfX4xMQ,a person that’s sitting down,baby,dancer
13,qKvDzndtLRHdnA93s,"a diamond on the top, in the middle, two triangles on the top",bunny,zombie
13,siqgDfwwvXutvEif8,"a diamond on its head, it’s like a rocker chair",baby,dancer
13,tMqYmPhQXDtTs3dNd,a people was sleeping,dancer,bunny
13,uw4Hv2cS5RgAxMQPS,a man who taken her pudding on his tooth and a tower,zombie,baby
13,wL7EjQmFuYxmHo6Ws,"a whale going down, square at the top, and a triangle to hold it up",dancer,zombie
13,zSNrxaAjN8X8xcMGQ,"a shoe, a stay still funny person, a people that stays still and then it’s funny",baby,bunny
14,3nbqrK7ZNYhtaS5Ko,a square,bunny,baby
14,5EaTR8ZGFDCyFdwkf,"not the one that’s walking, the other one",baby,zombie
14,6qtxht66CPuAbKqzz,the L with the triangle and the triangle and the square,dancer,bunny
14,7f52Qvo3WtHSDBBiT,a walking person,zombie,dancer
14,DL7ddsvxyC39tP4TL,"a person dancing, a man walking in there",zombie,baby
14,DRHtzr7ykXWJA4nFR,"nothing, see more, a little",bunny,dancer
14,FE4m6DqfbQWmwgniQ,a diamond,zombie,baby
14,HTwFJLfWj4A8u7QGj,a bottle,baby,bunny
14,MKgFM7dNwHBspHZpW,a banana,baby,dancer
14,NFd7tdjLvdX2zjRNZ,a mountain with a square and a point,bunny,dancer
14,SMwumSqBHRTBS4fK9,"a square on the top, a diamond and triangles on the bottom",zombie,dancer
14,XdB6EQahFnDworHaK,"This large, there Thomas like to crash in the water., And this is where the person goes to help Thomas., And then the robot's large and huge.",dancer,baby
14,bQQdJ8kC5uKYc7xbb,two triangles,bunny,baby
14,cpaM8z4mzevNTgp9W,candy,baby,zombie
14,eYARBXoqF7mdFzui6,a lamp,bunny,dancer
14,egcWimukrEpCBzMst,a weird looking shoe that has two,bunny,baby
14,gZBFkYh7KzvX54oiG,"a banded legs and diamond on the upper arms. On the bottom, it got an upside down triangle and a square on the top",dancer,bunny
14,gh5m6L567Rj8kDBb7,peter rabbit,bunny,baby
14,hhgH3qxpXmvGT7bBS,"a diamond on the back, this leg is all like this, one is one the floor, one is like up on the air, this has a view",zombie,dancer
14,hwsb4A7YdQaangawz,the sausage have a leaf,baby,zombie
14,hwtLvim5zdhScLEg4,the banana,bunny,zombie
14,odohRrMxG3FfX4xMQ,a person sitting down and trying to sit down on a chair,zombie,dancer
14,qKvDzndtLRHdnA93s,a diamond on his back with no hand to his feed and a head looking,zombie,bunny
14,siqgDfwwvXutvEif8,"a head down and one foot up, and one foot down and then a square on its body, and then a square on its back",zombie,dancer
14,tMqYmPhQXDtTs3dNd,"a bird like a camera, grass",bunny,dancer
14,uw4Hv2cS5RgAxMQPS,"a door, a square, and one like this again, the square on top and the door",baby,zombie
14,wL7EjQmFuYxmHo6Ws,a mountain with some triangles,bunny,zombie
14,zSNrxaAjN8X8xcMGQ,"blocks, a shoe and a stay still person, a shoe",dancer,baby
15,3nbqrK7ZNYhtaS5Ko,"a diamond, not another diamond, a square",zombie,baby
15,5EaTR8ZGFDCyFdwkf,that one that has like a ramp,bunny,baby
15,6qtxht66CPuAbKqzz,two triangles with a square,bunny,zombie
15,6sYhrNGKfSytZ28qg,a rabbit sitting,dancer,baby
15,7f52Qvo3WtHSDBBiT,a kangaroo,bunny,dancer
15,FE4m6DqfbQWmwgniQ,a diamond,baby,zombie
15,HTwFJLfWj4A8u7QGj,a fox,zombie,dancer
15,MKgFM7dNwHBspHZpW,a person looking backwards with a bow in their hair,bunny,baby
15,NFd7tdjLvdX2zjRNZ,a diamond on it,baby,zombie
15,SMwumSqBHRTBS4fK9,the square on the top,dancer,bunny
15,XdB6EQahFnDworHaK,it’s like a giraffe has button on the giraffe’s back,zombie,baby
15,bQQdJ8kC5uKYc7xbb,A diamond on the top,baby,bunny
15,cpaM8z4mzevNTgp9W,"sculpture, a down sculpture",dancer,bunny
15,eYARBXoqF7mdFzui6,human,baby,bunny
15,egcWimukrEpCBzMst,a weird looking banana,baby,bunny
15,gZBFkYh7KzvX54oiG,a diamond,baby,dancer
15,gh5m6L567Rj8kDBb7,a bird walking with a flag on its back,zombie,baby
15,hhgH3qxpXmvGT7bBS,"two diamonds on the top, two diamonds on the top",bunny,zombie
15,hwsb4A7YdQaangawz,a shoe,dancer,bunny
15,hwtLvim5zdhScLEg4,dinosaur,zombie,baby
15,odohRrMxG3FfX4xMQ,a shoe that has a bow at the top,bunny,dancer
15,qKvDzndtLRHdnA93s,a bow tie,baby,bunny
15,siqgDfwwvXutvEif8,"pizza slices on its head, a square and there’s a shoe",bunny,baby
15,tMqYmPhQXDtTs3dNd,a horse,zombie,bunny
15,uw4Hv2cS5RgAxMQPS,a door with a man taking his shoe off,bunny,zombie
15,wL7EjQmFuYxmHo6Ws,"same thing, a creature like this, trying to go on the back",zombie,bunny
15,zSNrxaAjN8X8xcMGQ,"a guy with a shoe holding a ball, a shoe in front of the guy",zombie,bunny
16,3nbqrK7ZNYhtaS5Ko,a diamond,baby,bunny
16,5EaTR8ZGFDCyFdwkf,"the one that’s sitting, not the one with the ramp",dancer,bunny
16,6qtxht66CPuAbKqzz,the person with the square on the back,zombie,dancer
16,7f52Qvo3WtHSDBBiT,a banana on top of his shoulder,baby,dancer
16,DL7ddsvxyC39tP4TL,a person dancing,dancer,zombie
16,DRHtzr7ykXWJA4nFR,"rosie, nothing",dancer,baby
16,FE4m6DqfbQWmwgniQ,a square,bunny,zombie
16,HTwFJLfWj4A8u7QGj,"a fox, a fox",zombie,dancer
16,MKgFM7dNwHBspHZpW,a person walking,zombie,baby
16,NFd7tdjLvdX2zjRNZ,a square with a pointy triangle,zombie,baby
16,SMwumSqBHRTBS4fK9,a square on the side and the triangle on the right,dancer,zombie
16,XdB6EQahFnDworHaK,This huge tool is larger than 45 to the muscles and a larger mic.,bunny,zombie
16,bQQdJ8kC5uKYc7xbb,a swirl on the top,dancer,zombie
16,cpaM8z4mzevNTgp9W,something looking down,zombie,baby
16,egcWimukrEpCBzMst,weird looking shoe banana,bunny,baby
16,gZBFkYh7KzvX54oiG,diamond,baby,zombie
16,gh5m6L567Rj8kDBb7,"trash, a bird, a banana",baby,zombie
16,hhgH3qxpXmvGT7bBS,"a diamond on the back, this leg is one leg on the ground, one leg up in the air",zombie,dancer
16,hwsb4A7YdQaangawz,the sausage that has a leaf and they’re very tall,baby,dancer
16,hwtLvim5zdhScLEg4,dinosaur,bunny,dancer
16,odohRrMxG3FfX4xMQ,"a person sitting down on a, floor, a shoe, it looks like a shoe, two feet, the person got no feet",bunny,dancer
16,qKvDzndtLRHdnA93s,"a diamond, a J, a J, a J",baby,dancer
16,siqgDfwwvXutvEif8,"a square face down, a pizza slice on its foot, a diagonalish shape and one that’s down, and one that’s straight and one that’s up again, and a square and two and one you’re down, and one you’re up, a square head, on the square head",bunny,baby
16,tMqYmPhQXDtTs3dNd,"a horse, a chew, a worm, a worm",baby,zombie
16,uw4Hv2cS5RgAxMQPS,stairs,bunny,dancer
16,wL7EjQmFuYxmHo6Ws,a mountain with some triangles,bunny,dancer
16,zSNrxaAjN8X8xcMGQ,a shoe,bunny,baby
17,3nbqrK7ZNYhtaS5Ko,a square,dancer,baby
17,5EaTR8ZGFDCyFdwkf,the one with the diamond on top,baby,zombie
17,6qtxht66CPuAbKqzz,"a square, an L with the triangle and the triangle and the square, the other one",baby,dancer
17,6sYhrNGKfSytZ28qg,"a bunny, a boat",baby,bunny
17,7f52Qvo3WtHSDBBiT,a walking person,zombie,dancer
17,DL7ddsvxyC39tP4TL,"not a person dancing, a person walking with no arms",zombie,baby
17,FE4m6DqfbQWmwgniQ,a square,dancer,bunny
17,HTwFJLfWj4A8u7QGj,"a shoe, that looks like a bow tie, not a bow tie, like a bow tie",dancer,bunny
17,MKgFM7dNwHBspHZpW,an elephant with a big square ear,dancer,baby
17,NFd7tdjLvdX2zjRNZ,a diamond on it,baby,dancer
17,SMwumSqBHRTBS4fK9,"triangle, the diamond on the side like it’s holding a bag connected",zombie,baby
17,XdB6EQahFnDworHaK,"in triangle shoes but the very very bottom is cut, but the very very top has a rebound on the top",dancer,bunny
17,bQQdJ8kC5uKYc7xbb,a diamond on the top,zombie,baby
17,cpaM8z4mzevNTgp9W,candy,baby,dancer
17,egcWimukrEpCBzMst,weird looking banana,baby,zombie
17,fqzpvRcLPLGuHsYJy,a two horned dog,bunny,dancer
17,gZBFkYh7KzvX54oiG,"something big that has a square on top, a triangle down low",dancer,baby
17,gh5m6L567Rj8kDBb7,peter rabbit,bunny,baby
17,hhgH3qxpXmvGT7bBS,"a diamond on his head, a diamond on his head",baby,bunny
17,hwsb4A7YdQaangawz,"with the backpack walking, the person walking and having a backpack on its back",zombie,bunny
17,hwtLvim5zdhScLEg4,banana,baby,bunny
17,odohRrMxG3FfX4xMQ,a person that has something on his back,zombie,dancer
17,qKvDzndtLRHdnA93s,"a diamond on the top, and a triangle on the bottom",dancer,baby
17,siqgDfwwvXutvEif8,"a square on its back, it has two things, and it’s a human",zombie,bunny
17,tMqYmPhQXDtTs3dNd,a horse,zombie,baby
17,uw4Hv2cS5RgAxMQPS,a tower and chairs,baby,bunny
17,wL7EjQmFuYxmHo6Ws,a fish with the diamond on the top,baby,dancer
17,zSNrxaAjN8X8xcMGQ,a man with a foot in front of these,zombie,dancer
18,3nbqrK7ZNYhtaS5Ko,"a square, a diamond, a diamond",zombie,bunny
18,5EaTR8ZGFDCyFdwkf,the one that’s walking,zombie,dancer
18,6qtxht66CPuAbKqzz,the L with a square and a triangle and a triangle,dancer,zombie
18,6sYhrNGKfSytZ28qg,bizing on black,bunny,dancer
18,7f52Qvo3WtHSDBBiT,a kangaroo,bunny,baby
18,DL7ddsvxyC39tP4TL,a jar that has a little bit pointy space,baby,bunny
18,FE4m6DqfbQWmwgniQ,"a diamond, this way",zombie,bunny
18,HTwFJLfWj4A8u7QGj,a bottle,baby,dancer
18,MKgFM7dNwHBspHZpW,an elephant’s trunk,baby,zombie
18,NFd7tdjLvdX2zjRNZ,"two triangles on top with a square and a mountain, a bow, a bow",bunny,zombie
18,SMwumSqBHRTBS4fK9,a bun,baby,bunny
18,XdB6EQahFnDworHaK,"you, the part and huge like a Thomas",baby,dancer
18,bQQdJ8kC5uKYc7xbb,a diamond on the top,baby,zombie
18,cpaM8z4mzevNTgp9W,something looking down,dancer,baby
18,egcWimukrEpCBzMst,this shoe is a square that’s square off,dancer,bunny
18,fqzpvRcLPLGuHsYJy,"something, this",baby,bunny
18,gZBFkYh7KzvX54oiG,"has two bottoms and it looks like a windmill, it got only two fins",bunny,zombie
18,gh5m6L567Rj8kDBb7,a pterodactyl with a flag or a banana,dancer,baby
18,hhgH3qxpXmvGT7bBS,"a hard one, this shape in the back, this shape, that triangle shape is on, a diamond here, a body like this, and this, and this, and this",dancer,zombie
18,hwsb4A7YdQaangawz,a shoe,dancer,bunny
18,hwtLvim5zdhScLEg4,"big, big dinosaur",dancer,bunny
18,odohRrMxG3FfX4xMQ,"someone’s sitting down, trying to sit",baby,zombie
18,qKvDzndtLRHdnA93s,two triangles on the top and one’s a triangle on the bottom,bunny,zombie
18,siqgDfwwvXutvEif8,"a diamond head and it’s sort of like a marker here, and it has a diamond body and it looks like, a little house on its body",baby,dancer
18,tMqYmPhQXDtTs3dNd,another light with a halo with grass,bunny,zombie
18,uw4Hv2cS5RgAxMQPS,a girl that is kneeling down,dancer,bunny
18,wL7EjQmFuYxmHo6Ws,a dog with some triangle,dancer,zombie
18,zSNrxaAjN8X8xcMGQ,an arrow,baby,zombie
19,3nbqrK7ZNYhtaS5Ko,a shoe,bunny,dancer
19,5EaTR8ZGFDCyFdwkf,the one that has a ramp,bunny,dancer
19,6qtxht66CPuAbKqzz,a triangle connected to a triangle with a square,bunny,zombie
19,6sYhrNGKfSytZ28qg,an elephant walking,zombie,baby
19,7f52Qvo3WtHSDBBiT,a lady that has a diamond on her head,dancer,zombie
19,DL7ddsvxyC39tP4TL,a shoe,bunny,baby
19,FE4m6DqfbQWmwgniQ,a diamond,baby,dancer
19,HTwFJLfWj4A8u7QGj,"a purse, bow tie on top, in the bottom, an edge thing, a flat surface, a square there",bunny,dancer
19,MKgFM7dNwHBspHZpW,a person looking backwards with a dress and a bow,bunny,zombie
19,NFd7tdjLvdX2zjRNZ,"a square on top of it, bended rectangle, a bended rectangle",dancer,baby
19,SMwumSqBHRTBS4fK9,a mountain,bunny,baby
19,XdB6EQahFnDworHaK,a baby giraffe has a diamond at the very very top,zombie,baby
19,bQQdJ8kC5uKYc7xbb,two triangles on the top,bunny,dancer
19,cpaM8z4mzevNTgp9W,something looking down,bunny,baby
19,egcWimukrEpCBzMst,"this guy walking in this clothes, a square on his back?",zombie,bunny
19,gZBFkYh7KzvX54oiG,stomping,zombie,dancer
19,gh5m6L567Rj8kDBb7,a bird with a flag on its back marching,zombie,dancer
19,hhgH3qxpXmvGT7bBS,"a triangle on the head, two triangles, two triangles, a square, it’s straight",bunny,dancer
19,hwsb4A7YdQaangawz,a bunny,bunny,dancer
19,hwtLvim5zdhScLEg4,dog big big dinosaur,zombie,dancer
19,odohRrMxG3FfX4xMQ,a shoe with no bows,dancer,bunny
19,qKvDzndtLRHdnA93s,"a man with a triangle on his head, a man",zombie,dancer
19,siqgDfwwvXutvEif8,"a square on its back and pizza slice on its head, a leg this way and a triangle and a piece of pizza that way",dancer,zombie
19,tMqYmPhQXDtTs3dNd,a people with learning kung fu,dancer,baby
19,uw4Hv2cS5RgAxMQPS,a dad who’s taking off his shoe,zombie,baby
19,wL7EjQmFuYxmHo6Ws,"creature like this, down, and a diamond on the back",zombie,dancer
19,zSNrxaAjN8X8xcMGQ,"a shoe, a blocks",dancer,baby
