game,start,end,text,speaker,trialNumStart,trialNumEnd
game32,-131.496,-129.096,"Okay, it should be going.",I,NA,0
game32,-128.056,-126.77600000000001,"All right, my friends.",M,NA,0
game32,-126.77600000000001,-123.61600000000001,"So today, we're gonna be playing a really fun matching game.",M,NA,0
game32,-123.61600000000001,-122.096,Let us tell you how it works.,M,NA,0
game32,-122.096,-119.77600000000001,"Now, this is Mr. Smurfy.",I,NA,0
game32,-119.77600000000001,-117.89600000000002,Let's say hi to Smurfy.,I,NA,0
game32,-117.89600000000002,-116.536,Hi.,id4,NA,0
game32,-116.536,-115.45600000000002,Hi.,id3,NA,0
game32,-115.45600000000002,-113.096,"Now, Smurfy really, really wants to play",I,NA,0
game32,-113.096,-111.016,"this matching game today, okay?",I,NA,0
game32,-111.016,-106.016,"And we will help Smurfy find many, many pictures.",I,NA,0
game32,-105.77600000000001,-102.656,"Well, I'm really good at matching.",id4,NA,0
game32,-102.656,-100.77600000000001,You're really good at matching games.,I,NA,0
game32,-100.77600000000001,-99.936,Me too.,id3,NA,0
game32,-99.936,-99.096,That's so exciting.,M,NA,0
game32,-99.096,-97.61600000000001,"Now, this game's gonna be so fun.",M,NA,0
game32,-97.61600000000001,-96.77600000000001,Yeah.,I,NA,0
game32,-96.77600000000001,-94.656,"So let me tell you how it works, okay?",I,NA,0
game32,-94.656,-90.13600000000001,"So on your iPad screens, you will both see two pictures.",I,NA,0
game32,-90.13600000000001,-89.296,Okay?,I,NA,0
game32,-89.296,-88.45600000000002,Two.,I,NA,0
game32,-88.45600000000002,-85.01600000000002,"And when you have Smurfy, you will be in charge",I,NA,0
game32,-85.01600000000002,-80.45600000000002,"of guessing what [id3] sees on her screen, okay?",I,NA,0
game32,-80.45600000000002,-77.976,And [id3] is going to have one picture,I,NA,0
game32,-77.976,-75.256,with a black box around it.,I,NA,0
game32,-75.256,-71.816,"When you don't have Smurfy, you will be in charge",I,NA,0
game32,-71.816,-67.69600000000001,of telling your friend what you see in the black box.,I,NA,0
game32,-67.69600000000001,-66.85600000000001,Okay.,I,NA,0
game32,-66.85600000000001,-64.936,So let's say you have Smurfy.,I,NA,0
game32,-64.936,-62.656000000000006,"[id4], are you in charge of guessing",I,NA,0
game32,-62.656000000000006,-60.97600000000001,or describing what you see?,I,NA,0
game32,-57.97600000000001,-56.656000000000006,I forgot.,id4,NA,0
game32,-56.656000000000006,-53.896000000000015,"I think you'll be guessing, okay?",I,NA,0
game32,-53.896000000000015,-51.256000000000014,"And then, [id3], if you don't have Smurfy,",I,NA,0
game32,-51.256000000000014,-47.41600000000001,will you be guessing or will you be describing what you see?,I,NA,0
game32,-47.41600000000001,-46.57600000000001,Describe.,id3,NA,0
game32,-46.57600000000001,-45.736000000000004,That's right.,M,NA,0
game32,-45.736000000000004,-44.616000000000014,It's the same thing here.,I,NA,0
game32,-44.616000000000014,-41.41600000000001,"So [id3], if you have Smurfy, will you be guessing",I,NA,0
game32,-41.41600000000001,-38.77600000000001,or will you be describing what you see?,I,NA,0
game32,-38.77600000000001,-35.256000000000014,"You'll be guessing, because you have Smurfy, okay?",I,NA,0
game32,-35.256000000000014,-32.256000000000014,"And if you don't have Smurfy, [id4], will you be",I,NA,0
game32,-32.256000000000014,-30.576000000000008,guessing or describing what you see?,I,NA,0
game32,-30.576000000000008,-29.736000000000004,Describe.,id4,NA,0
game32,-29.736000000000004,-28.896000000000015,Nice.,I,NA,0
game32,-28.896000000000015,-28.05600000000001,Okay.,M,NA,0
game32,-28.05600000000001,-27.216000000000008,"All right, my friends.",M,NA,0
game32,-27.216000000000008,-25.456000000000003,"So when you wanna make your guess,",M,NA,0
game32,-25.456000000000003,-23.456000000000003,you're just gonna tap on the picture with Smurfy,M,NA,0
game32,-23.456000000000003,-21.85600000000001,"that you think it is, okay?",M,NA,0
game32,-21.85600000000001,-19.216000000000008,"And then after you tap, you'll see a picture.",M,NA,0
game32,-19.216000000000008,-16.85600000000001,"If the picture is a smiley face,",M,NA,0
game32,-16.85600000000001,-14.616000000000014,you help Smurfy get the right match.,M,NA,0
game32,-14.616000000000014,-11.336000000000013,"But if it's a sad face, it wasn't a match, but that's okay.",M,NA,0
game32,-11.336000000000013,-9.536000000000016,You can help Smurfy another time.,M,NA,0
game32,-9.536000000000016,-7.656000000000006,Do you guys have any questions?,M,NA,0
game32,-7.656000000000006,-6.496000000000009,No.,id4,NA,0
game32,-6.496000000000009,-5.656000000000006,Do you have any questions?,M,NA,0
game32,-5.656000000000006,-4.8160000000000025,No.,id3,NA,0
game32,-4.8160000000000025,-3.9760000000000133,Great.,M,NA,0
game32,-3.9760000000000133,-2.896000000000015,"Okay, so we're gonna give one a try.",M,NA,0
game32,-2.896000000000015,-0.7760000000000105,So go ahead and press the blue box on your screen.,M,NA,0
game32,-0.7760000000000105,0.06399999999999295,Blue button.,I,NA,0
game32,1.143999999999977,3.383999999999986,"All right, so it looks like you have the square.",M,0,0
game32,3.383999999999986,5.024000000000001,So you're gonna have Smurfy.,M,0,0
game32,5.024000000000001,7.1839999999999975,So you can hold on to Smurfy for now.,M,0,0
game32,7.1839999999999975,10.063999999999993,And now let's describe what we see in the black box.,I,0,0
game32,11.063999999999993,12.463999999999999,What does describe mean?,id4,0,0
game32,12.463999999999999,16.024,Describe means you're going to tell [id3] what you see.,I,0,0
game32,18.584000000000003,19.423999999999978,What does it look like?,I,0,0
game32,19.423999999999978,20.543999999999983,Which one?,id4,0,0
game32,20.543999999999983,22.423999999999978,The one in the black box.,I,0,0
game32,22.423999999999978,23.584000000000003,I see a apple,id4,0,0
game32,27.663999999999987,30.744,So you're gonna tap on whichever one you think it is.,M,0,0
game32,30.744,32.383999999999986,You're gonna touch it.,M,0,0
game32,32.383999999999986,33.70399999999998,"Go ahead, yeah.",M,0,0
game32,33.70399999999998,35.26399999999998,Yay!,NA,0,0
game32,35.26399999999998,37.744,"Great, so now we're gonna take turns.",M,0,1
game32,37.744,38.584,So here we go.,M,1,1
game32,38.584,40.623999999999995,"Now it will be your turn, here you go.",I,1,1
game32,40.623999999999995,42.304,"And let's wait for [id3], okay?",I,1,1
game32,42.304,45.103999999999985,"All right, Emelyn, what do you see in the black box?",M,1,1
game32,45.103999999999985,46.744,A dog.,id3,1,1
game32,46.744,48.903999999999996,Which one is a dog?,I,1,1
game32,48.903999999999996,49.744,Let's press it.,I,1,1
game32,51.623999999999995,53.22399999999999,"Great, okay.",M,1,1
game32,53.22399999999999,55.06399999999999,There he is.,M,1,2
game32,55.06399999999999,56.623999999999995,"All right, now you hold Smurfy.",M,2,2
game32,57.623999999999995,60.22399999999999,"All right, my friend, now what do you see in the black box?",M,2,2
game32,67.22399999999999,68.304,What does it look like?,I,2,2
game32,68.304,73.14399999999998,"Um, a person.",id4,2,2
game32,73.14399999999998,74.304,A person.,I,2,2
game32,74.304,77.064,"Hmm, what is that person doing?",I,2,2
game32,79.064,81.66399999999999,She is holding something.,id4,2,2
game32,81.66399999999999,82.864,Holding something.,I,2,2
game32,82.864,85.904,"So go ahead, tap which one you think it is.",M,2,2
game32,85.904,89.14399999999998,"Great, so that one was a match, alright",M,2,3
game32,89.14399999999998,90.54399999999998,There you are.,M,3,3
game32,90.54399999999998,93.50399999999999,"So same thing, what do you see in that picture?",M,3,3
game32,93.50399999999999,95.82399999999998,Some a person swimming.,id3,3,3
game32,95.82399999999998,96.78399999999999,Swimming.,I,3,3
game32,96.78399999999999,99.14399999999998,"And his foot, one of his foot is up.",id3,3,3
game32,99.14399999999998,101.66399999999999,"Whoa, which one do you think it is?",I,3,3
game32,103.304,106.70399999999998,"Great, now I will get Smurfy, thank you.",I,3,4
game32,106.70399999999998,107.864,"Here you are, my friend.",M,4,4
game32,110.904,112.22399999999999,Now what do you see?,I,4,4
game32,112.22399999999999,115.184,A person that's walking away.,id4,4,4
game32,118.864,121.54399999999998,"All right, here you are.",M,4,5
game32,121.54399999999998,128.544,"A person that's jumping, and that's turning.",id3,5,5
game32,131.544,133.544,"Hmm, which one would it be?",I,5,5
game32,135.544,138.544,"Thank you, pass it on.",I,5,6
game32,138.544,139.544,Here you go.,M,6,6
game32,141.544,143.544,"What do you see, [id4]?",I,6,6
game32,143.544,151.544,"A person that's kicking, one foot up, that's turning.",id4,6,6
game32,153.544,156.544,"Great, all right, let's pass Smurfy.",M,6,7
game32,156.544,157.544,All right.,M,7,7
game32,157.544,158.544,It's fun.,id3,7,7
game32,158.544,159.544,You're having fun?,M,7,7
game32,159.544,160.544,I'm so glad.,M,7,7
game32,160.544,162.544,"All right, your turn.",M,7,7
game32,164.544,166.544,A person walking.,id3,7,7
game32,166.544,167.544,Walking,I,7,7
game32,170.544,172.544,"Pass it on, thank you.",I,7,8
game32,172.544,174.544,Here you are.,M,8,8
game32,179.544,182.544,A person jumping.,id4,8,8
game32,184.544,186.544,Oh no.,M,8,8
game32,186.544,188.544,Can you try it one more time?,M,8,8
game32,188.544,189.544,There we go.,M,8,8
game32,189.544,191.544,That was acting so silly.,M,8,9
game32,191.544,193.544,That was so silly.,id3,9,9
game32,193.544,194.544,I know.,M,9,9
game32,194.544,196.544,But I pressed the right thing.,id3,9,9
game32,200.544,204.544,A person holding a upside down triangle.,id3,9,9
game32,207.544,208.544,Great.,M,9,9
game32,210.544,211.544,Here you are.,M,10,10
game32,215.544,216.544,What do you see?,I,10,10
game32,216.544,219.544,A person jumping and turning.,id4,10,10
game32,219.544,224.544,"Great, there you are.",M,10,11
game32,228.544,230.544,A person walking.,id3,11,11
game32,234.544,235.544,Thank you.,I,11,12
game32,235.544,237.544,Here you are.,M,12,12
game32,241.544,243.544,"What do you see, [id4]?",I,12,12
game32,243.544,247.544,A person holding a upside down triangle.,id4,12,12
game32,247.544,249.544,What?,id3,12,12
game32,249.544,251.544,Do you want to repeat?,I,12,12
game32,251.544,257.544,A person holding a upside down triangle.,id4,12,12
game32,257.544,259.544,"Great, let's pass Smurfy on.",M,12,NA
game32,259.544,260.544,There you are.,M,13,NA
game32,262.544,264.544,A person swimming.,id3,13,NA
game32,264.544,265.544,Swimming.,I,13,NA
game32,270.544,272.544,"Oh my gosh, my friends, that means we're all done.",M,13,NA
game32,272.544,274.544,Thank you for playing our game.,M,13,NA
game32,274.544,276.544,"All right, I'm going to turn off the camera.",M,13,NA
game32,276.544,278.544,Do you guys want to wave bye to the camera?,M,13,NA
game32,278.544,307.544,Bye bye.,"id3, id4, I",13,NA
game33,-157.309,-152.309,"Fantastic. We've played before, right? Are you? Right, [id5]?",Bobby,NA,0
game33,-152.309,-151.309,Yeah.,I,NA,0
game33,-151.309,-148.309,"All right. Well, you are all going to have a lot of fun, okay?",Bobby,NA,0
game33,-148.309,-147.309,"Thank you, Bobby.",M,NA,0
game33,-147.309,-146.309,Of course.,Bobby,NA,0
game33,-146.309,-144.309,"All right, my friends.",M,NA,0
game33,-144.309,-141.309,"So, today, we're going to play a magic game.",M,NA,0
game33,-141.309,-140.309,It's going to be really fun.,M,NA,0
game33,-140.309,-138.309,Let us show you how it works.,M,NA,0
game33,-138.309,-134.309,"Now, this right here is Mr. Smurphy.",I,NA,0
game33,-134.309,-132.309,Okay. Do you want to say hi to Smurphy?,I,NA,0
game33,-132.309,-131.309,Hi.,id6,NA,0
game33,-131.309,-130.309,Hi.,I,NA,0
game33,-130.309,-129.309,Hi.,id5,NA,0
game33,-129.309,-128.309,Hi.,I,NA,0
game33,-128.309,-124.309,"Now, Smurphy really, really wants to play this matching game today, okay?",I,NA,0
game33,-124.309,-121.309,"And so, this is how it works.",I,NA,0
game33,-121.309,-117.309,"You'll both get two pictures on your iPads, okay?",I,NA,0
game33,-117.309,-109.309,"And if you don't have Smurphy, then you will be in charge of telling us what you see in black books.",I,NA,0
game33,-109.309,-99.309,"If you do have Smurphy, then you will be in charge of helping Smurphy guess what your friend is seeing in the black box, okay?",I,NA,0
game33,-99.309,-96.309,"So, let's say, [id6], you have Smurphy, right?",I,NA,0
game33,-96.309,-90.309,Are you going to guess or are you going to tell [id5] what you see in the box?,I,NA,0
game33,-90.309,-85.309,Which one do you think it is?,I,NA,0
game33,-85.309,-84.309,Tell.,id6,NA,0
game33,-84.309,-83.309,Tell.,I,NA,0
game33,-83.309,-80.309,"I think you're going to guess, okay?",I,NA,0
game33,-80.309,-77.309,"When you have Smurphy, you're going to guess.",I,NA,0
game33,-77.309,-71.309,"[id5], if you don't have Smurphy, are you going to guess or are you going to tell?",I,NA,0
game33,-71.309,-68.309,"You're going to tell, okay?",I,NA,0
game33,-68.309,-61.309,"Now, if you do have Smurphy, are you going to guess or are you going to tell?",I,NA,0
game33,-61.309,-59.309,Think.,I,NA,0
game33,-59.309,-57.309,Smurphy loves to guess.,M,NA,0
game33,-57.309,-55.309,He loves to guess.,I,NA,0
game33,-55.309,-52.309,"So, do you help him guess?",I,NA,0
game33,-52.309,-51.309,"Yeah, great.",M,NA,0
game33,-51.309,-47.309,"And if you don't have Smurphy, you will help him to tell, okay?",I,NA,0
game33,-47.309,-45.309,"Alright, let's try.",I,NA,0
game33,-45.309,-40.309,"Alright, my friends, so, to make your guess, you're just going to tap on the picture that",M,NA,0
game33,-40.309,-38.309,"you think it is, okay?",M,NA,0
game33,-38.309,-35.309,"And then after you guess, you'll see a picture.",M,NA,0
game33,-35.309,-31.308999999999997,"It'll either be a smiley face, which means you made the right match.",M,NA,0
game33,-31.308999999999997,-30.308999999999997,Great job.,M,NA,0
game33,-30.308999999999997,-26.308999999999997,"Or it'll be a sad face, which means it wasn't a match, but that's okay.",M,NA,0
game33,-26.308999999999997,-24.308999999999997,You can help Smurphy another time.,M,NA,0
game33,-24.308999999999997,-20.308999999999997,Do either of you have questions?,M,NA,0
game33,-20.308999999999997,-18.308999999999997,No questions.,I,NA,0
game33,-18.308999999999997,-17.308999999999997,Great.,M,NA,0
game33,-17.308999999999997,-16.308999999999997,What do you say?,M,NA,0
game33,-16.308999999999997,-12.308999999999997,"Smurphy, make some matches?",M,NA,0
game33,-12.308999999999997,-11.308999999999997,Should we?,I,NA,0
game33,-11.308999999999997,-10.308999999999997,Yeah.,id6,NA,0
game33,-10.308999999999997,-9.3089999999999975,Great.,M,NA,0
game33,-9.3089999999999975,-8.3089999999999975,You too?,I,NA,0
game33,-8.3089999999999975,-7.3089999999999975,What do you think?,M,NA,0
game33,-7.3089999999999975,-6.3089999999999975,"Smurphy, should we do it?",M,NA,0
game33,-6.3089999999999975,-5.3089999999999975,Great.,M,NA,0
game33,-5.3089999999999975,-2.3089999999999975,"Alright, so now both of you are going to press the blue box on your screen.",M,NA,0
game33,-2.3089999999999975,-1.3089999999999975,Go ahead.,M,NA,0
game33,-1.3089999999999975,-0.3089999999999975,Great job.,M,NA,0
game33,-0.3089999999999975,1.6910000000000025,"Alright, so it looks like snow.",M,NA,0
game33,1.6910000000000025,3.6910000000000025,You're going to guess first.,M,0,0
game33,3.6910000000000025,4.6910000000000025,Here you are.,M,0,0
game33,4.6910000000000025,5.6910000000000025,Here's Smurphy.,I,0,0
game33,5.6910000000000025,8.6910000000000025,Let's tell snow and Smurphy what we see in the black box.,I,0,0
game33,8.6910000000000025,9.6910000000000025,What do you see?,I,0,0
game33,9.6910000000000025,10.691000000000003,A banana.,id6,0,0
game33,10.691000000000003,14.691000000000003,So go ahead and touch the one you think.,M,0,0
game33,14.691000000000003,16.691000000000003,Which one is a banana?,I,0,0
game33,16.691000000000003,19.691000000000003,Which one looks like a banana snow?,I,0,0
game33,19.691000000000003,22.691000000000003,Go ahead and touch it one more time.,M,0,0
game33,22.691000000000003,23.691000000000003,Alright.,M,0,0
game33,23.691000000000003,26.691000000000003,You want to do it like that?,M,0,0
game33,26.691000000000003,27.691000000000003,Yay.,NA,0,0
game33,27.691000000000003,32.691,"Alright, now Smurphy's going to go to you.",M,0,1
game33,32.691,36.691,"Alright, so what do you see in the box?",M,1,1
game33,36.691,40.691,"Oh, she said an apple.",M,1,1
game33,40.691,43.691,Which one looks like an apple?,I,1,1
game33,43.691,45.691,Let's tap it.,I,1,1
game33,45.691,46.691,Yay.,NA,1,1
game33,46.691,47.691,Nice.,I,1,1
game33,47.691,50.691,Let's pass it off to snow.,I,1,2
game33,50.691,52.691,"There you are, snow.",M,2,2
game33,52.691,54.691,What do we see,I,2,2
game33,54.691,55.691,Yeah.,I,2,2
game33,55.691,59.691,How would we tell snow what it is?,I,2,2
game33,59.691,61.691,A man walking.,id6,2,2
game33,61.691,64.691,A man walking.,I,2,2
game33,64.691,70.691,So tap which one you think it is?,M,2,2
game33,70.691,72.691,There you are.,M,2,2
game33,72.691,73.691,Here you go.,I,2,2
game33,73.691,76.691,We're going to guess now.,I,2,3
game33,76.691,81.691,"What do you see, snow?",I,3,3
game33,81.691,93.691,What do you see in the box?,M,3,3
game33,93.691,96.691,What does it look like?,I,3,3
game33,96.691,98.691,Is it a person?,I,3,3
game33,98.691,99.691,Yeah.,I,3,3
game33,99.691,105.691,What is that person doing?,I,3,3
game33,105.691,112.691,What does it look like they're doing?,M,3,3
game33,112.691,117.691,"Let's give snow some time to think, okay?",I,3,3
game33,117.691,119.691,Do you think they're jumping?,I,3,3
game33,119.691,121.691,Do you think they're walking?,I,3,3
game33,121.691,123.691,Are they holding something?,I,3,3
game33,123.691,132.691,What are they doing?,I,3,3
game33,132.691,137.691,"It's a tough one, huh?",I,3,3
game33,137.691,142.691,So what does it look like this one's doing?,M,3,3
game33,142.691,144.691,Holding something.,I,3,3
game33,144.691,147.691,"Which person looks like they're holding something, [id6]?",I,3,3
game33,147.691,150.691,"Yeah, let's press it.",I,3,3
game33,150.691,151.691,That's great.,I,3,3
game33,151.691,153.691,I'm going to pass it on.,I,3,3
game33,153.691,154.691,Thank you.,I,3,4
game33,154.691,156.691,There you are.,M,4,4
game33,156.691,159.691,What do you see?,I,4,4
game33,159.691,163.691,How would you tell snow about it?,I,4,4
game33,163.691,165.691,I don't know what it is.,id6,4,4
game33,165.691,168.691,"Well, what do you see?",M,4,4
game33,168.691,170.691,Stones.,id6,4,4
game33,170.691,173.691,Stones?,I,4,4
game33,173.691,179.691,What else could you help them with?,I,4,4
game33,179.691,183.691,What does it look like?,I,4,4
game33,183.691,186.691,Stones rolling on the ground.,id6,4,4
game33,186.691,188.691,Stones rolling on the ground.,I,4,4
game33,188.691,192.691,With stones stuck on the ground?,id6,4,4
game33,192.691,194.691,Stones stuck on the ground.,I,4,4
game33,194.691,198.691,Which one looks like stones rolling on the ground?,I,4,4
game33,198.691,204.691,Whatever one you think.,M,4,4
game33,204.691,206.691,"That's a tough one, huh?",I,4,4
game33,206.691,209.691,Stones.,I,4,4
game33,209.691,213.691,"Which one do you think, [id5]?",I,4,4
game33,213.691,216.691,Do you want to ask some questions?,I,4,4
game33,216.691,220.691,Just press the button that will take you there.,id6,4,4
game33,220.691,225.691,"Right, so you can press whatever one you think it is.",M,4,4
game33,225.691,232.691,Which one do you think looks like the stones on the ground?,M,4,4
game33,232.691,235.691,Just do it right away.,id6,4,4
game33,235.691,238.691,"It's okay, we can do some time for snow, okay?",I,4,4
game33,238.691,240.691,That one's kind of tricky.,I,4,4
game33,240.691,243.691,It is kind of tricky.,I,4,4
game33,243.691,246.691,"It's okay, it'll be your turn very soon, okay?",I,4,4
game33,246.691,248.691,"What do you think, [id5]?",I,4,4
game33,248.691,250.691,Do you think it's...what do we have?,I,4,4
game33,250.691,252.691,Do you think it's this one or this one?,M,4,4
game33,252.691,257.69100000000003,"That one that's kind of flat, or do you think this one that's kind of like jumpy?",I,4,4
game33,257.69100000000003,260.69100000000003,The jumpy one.,id6,4,4
game33,260.69100000000003,262.69100000000003,It's a jumpy one?,I,4,4
game33,262.69100000000003,264.69100000000003,"Yeah, it's a jumpy one.",I,4,4
game33,264.69100000000003,266.69100000000003,Let me try.,I,4,4
game33,266.69100000000003,267.69100000000003,Then press it.,I,4,4
game33,267.69100000000003,271.69100000000003,Press which one do you think?,I,4,4
game33,271.69100000000003,278.69100000000003,Do you want to press?,I,4,4
game33,278.69100000000003,280.69100000000003,Do you want to press with your fingers?,I,4,4
game33,280.69100000000003,282.69100000000003,"Yeah, let's do it.",M,4,4
game33,282.69100000000003,285.69100000000003,"Here, I can do it with you too, ready?",M,4,4
game33,285.69100000000003,287.69100000000003,Which one do you want to go?,M,4,4
game33,287.69100000000003,289.69100000000003,I want to press which one do you think?,M,4,4
game33,289.69100000000003,292.69100000000003,"Okay, let's press it, ready?",M,4,4
game33,292.69100000000003,294.69100000000003,That's okay.,M,4,5
game33,294.69100000000003,295.69100000000003,"That wasn't a match, right?",M,5,5
game33,295.69100000000003,296.69100000000003,That's okay.,M,5,5
game33,296.69100000000003,298.69100000000003,Now we're going to try to help Smurphy again.,M,5,5
game33,298.69100000000003,299.69100000000003,Here you go.,I,5,5
game33,299.69100000000003,306.69100000000003,"So, [id5], what do you see in this picture?",M,5,5
game33,306.69100000000003,308.69100000000003,How does the picture look like?,M,5,5
game33,308.69100000000003,309.69100000000003,Let's see.,M,5,5
game33,309.69100000000003,313.69100000000003,"Huh, it's that one, huh?",M,5,5
game33,313.69100000000003,316.69100000000003,How would you tell him about it?,M,5,5
game33,316.69100000000003,318.69100000000003,Does it look like a person?,I,5,5
game33,318.69100000000003,320.69100000000003,Yeah.,id5,5,5
game33,320.69100000000003,322.69100000000003,Then press it.,I,5,5
game33,322.69100000000003,324.69100000000003,"Well, you're going to be pressing it this time.",I,5,5
game33,324.69100000000003,326.69100000000003,You need to guess which one [id5]'s looking at.,I,5,5
game33,326.69100000000003,328.69100000000003,You think it's that one?,I,5,5
game33,328.69100000000003,330.69100000000003,Maybe.,I,5,5
game33,330.69100000000003,331.69100000000003,Nice.,NA,5,5
game33,331.69100000000003,333.69100000000003,That was a good guess.,I,5,6
game33,333.69100000000003,335.69100000000003,"Alright, [id6], let's pass Smurphy on.",I,6,6
game33,335.69100000000003,338.69100000000003,"Here you go, [id5].",I,6,6
game33,338.69100000000003,342.69100000000003,"Okay, what do you see, [id6]?",I,6,6
game33,342.69100000000003,345.69100000000003,A person jumping.,id6,6,6
game33,345.69100000000003,347.69100000000003,A person jumping.,I,6,6
game33,347.69100000000003,349.69100000000003,Which one's a person jumping?,I,6,6
game33,349.69100000000003,351.69100000000003,They are running at the same time.,id6,6,6
game33,351.69100000000003,352.69100000000003,And what?,I,6,6
game33,352.69100000000003,353.69100000000003,At the same time.,I,6,6
game33,353.69100000000003,354.69100000000003,Running.,id6,6,6
game33,354.69100000000003,355.69100000000003,Running.,I,6,6
game33,355.69100000000003,356.69100000000003,At the same time.,I,6,6
game33,356.69100000000003,369.69100000000003,Which one looks like a person running and jumping?,I,6,6
game33,369.69100000000003,371.69100000000003,Which one do you think?,I,6,6
game33,371.69100000000003,372.69100000000003,That one?,I,6,6
game33,372.69100000000003,374.69100000000003,"Yeah, that's pressing.",I,6,6
game33,374.69100000000003,376.69100000000003,Do you want to press it together?,I,6,6
game33,376.69100000000003,377.69100000000003,"Yeah, okay, let's go.",I,6,6
game33,377.69100000000003,380.69100000000003,"3, 2, 1.",I,6,6
game33,380.69100000000003,382.69100000000003,"Nice job, [id5].",I,6,6
game33,382.69100000000003,384.69100000000003,There you go.,I,6,7
game33,384.69100000000003,386.69100000000003,"We're going to guess now, okay, [id6]?",I,7,7
game33,386.69100000000003,393.69100000000003,"What do you see, [id5]?",I,7,7
game33,393.69100000000003,397.69100000000003,What does this one look like to you?,I,7,7
game33,397.69100000000003,401.69100000000003,Do you see certain shapes?,I,7,7
game33,401.69100000000003,404.69100000000003,What shapes do you see?,I,7,7
game33,404.69100000000003,408.69100000000003,"I don't know, it looks so silly.",NA,7,7
game33,408.69100000000003,411.69100000000003,I look like it was your left knee.,NA,7,7
game33,411.69100000000003,414.69100000000003,Just pressed it.,id6,7,7
game33,414.69100000000003,416.69100000000003,You're going to be the one pressing it this time.,I,7,7
game33,416.69100000000003,417.69100000000003,This one.,I,7,7
game33,417.69100000000003,418.69100000000003,"It has to be big, right?",NA,7,7
game33,418.69100000000003,420.69100000000003,"Smurphy needs time to be think, too.",I,7,7
game33,420.69100000000003,424.69100000000003,"What do you think, [id5]?",I,7,7
game33,424.69100000000003,425.69100000000003,What do we have?,M,7,7
game33,425.69100000000003,427.69100000000003,"Oh, we have these two again.",M,7,7
game33,427.69100000000003,433.69100000000003,"So, with these two, what kind of shapes do you see?",M,7,7
game33,433.69100000000003,448.69100000000003,"Do they look like people again, [id5]?",I,7,7
game33,448.69100000000003,451.69100000000003,Does this person look like they're up?,I,7,7
game33,451.69100000000003,452.69100000000003,They're standing?,I,7,7
game33,452.69100000000003,455.69100000000003,Or does this person look like they're down?,I,7,7
game33,455.69100000000003,458.69100000000003,What do you think in this box?,I,7,7
game33,458.69100000000003,461.69100000000003,"Are they up, standing, or are they down?",I,7,7
game33,461.69100000000003,463.69100000000003,"They're down, huh?",I,7,7
game33,463.69100000000003,466.69100000000003,"[id6], if she said they're down, which one do you think it is?",I,7,7
game33,466.69100000000003,468.69100000000003,Do you want to make your guess with Smurphy?,M,7,7
game33,468.69100000000003,471.69100000000003,Someone laying down.,I,7,7
game33,471.69100000000003,475.69100000000003,"What do you think, [id6]?",I,7,7
game33,475.69100000000003,477.69100000000003,It's that one.,id6,7,7
game33,477.69100000000003,480.69100000000003,Let's press it,I,7,7
game33,480.69100000000003,481.69100000000003,Nice.,I,7,7
game33,481.69100000000003,484.69100000000003,"You want to pass, Smurphy?",I,7,8
game33,484.69100000000003,485.69100000000003,A high five.,I,8,8
game33,485.69100000000003,486.69100000000003,Could I also ask?,I,8,8
game33,486.69100000000003,488.69100000000003,"Oh my gosh, that's a good question.",I,8,8
game33,488.69100000000003,489.69100000000003,"Smurphy, too?",I,8,8
game33,489.69100000000003,492.69100000000003,I'm going to take Smurphy from you so that it can be [id5]'s turn.,I,8,8
game33,492.69100000000003,493.69100000000003,Okay?,I,8,8
game33,493.69100000000003,494.69100000000003,Thank you.,I,8,8
game33,494.69100000000003,496.69100000000003,"Thank you for the high five, too.",I,8,8
game33,496.69100000000003,497.69100000000003,Okay.,I,8,8
game33,497.69100000000003,498.69100000000003,There you are.,I,8,8
game33,498.69100000000003,502.69100000000003,What do we see?,I,8,8
game33,502.69100000000003,503.69100000000003,Here's Smurphy.,M,8,8
game33,503.69100000000003,504.69100000000003,You're going to guess with Smurphy.,M,8,8
game33,504.69100000000003,506.69100000000003,Who's this with you?,NA,8,8
game33,506.69100000000003,509.69100000000003,I guess not.,NA,8,8
game33,509.69100000000003,510.69100000000003,What?,NA,8,8
game33,510.69100000000003,511.69100000000003,Where's Smurphy?,NA,8,8
game33,511.69100000000003,513.691,Smurphy is so high.,NA,8,8
game33,513.691,518.691,Someone walking.,id6,8,8
game33,518.691,521.691,[id6] said it's someone walking.,M,8,8
game33,521.691,523.691,So what do you think?,M,8,8
game33,523.691,525.691,Go ahead and press it.,M,8,8
game33,525.691,526.691,Nice.,M,8,8
game33,526.691,528.691,Here you are.,M,8,9
game33,528.691,531.691,Here you have Smurphy back.,I,9,9
game33,531.691,537.691,"What do they look like they're doing, [id5]?",I,9,9
game33,537.691,539.691,"Oh, we have these two again.",I,9,9
game33,539.691,541.691,We have someone.,I,9,9
game33,541.691,544.691,So what does it look like this person is doing?,I,9,9
game33,544.691,546.691,"Yeah, I got one.",NA,9,9
game33,546.691,549.691,Okay.,NA,9,9
game33,549.691,551.691,Laying down.,id6,9,9
game33,551.691,556.691,"[id6] asked, are they laying down, [id5]?",I,9,9
game33,556.691,559.691,Is the one in the box laying down?,I,9,9
game33,559.691,561.691,"No, it's not laying down.",I,9,9
game33,561.691,564.691,Someone holding something?,id6,9,9
game33,564.691,565.691,Yes.,id6,9,9
game33,565.691,566.691,Yeah?,I,9,9
game33,566.691,568.691,Should we press it?,I,9,9
game33,568.691,573.691,"All right, my friends, we're going to play one more and then we got to get ready to go back to class, okay?",M,9,10
game33,573.691,576.691,Do you want to pass it to me?,I,10,10
game33,576.691,578.691,Thank you.,I,10,10
game33,578.691,580.691,What do you see?,I,10,10
game33,580.691,583.691,There you go.,I,10,10
game33,583.691,589.691,What do you see in the black box?,I,10,10
game33,589.691,591.691,Someone lying.,id6,10,10
game33,591.691,593.691,I don't know.,id6,10,10
game33,593.691,597.691,"What kind of shapes do you see, [id6]?",M,10,10
game33,597.691,601.691,Is this one in the black box?,I,10,10
game33,601.691,607.691,"Is it in the black box, [id6]?",I,10,10
game33,607.691,608.691,It's snow.,I,10,10
game33,608.691,610.691,Let's turn to press it.,I,10,10
game33,610.691,616.691,Let's describe what we see.,I,10,10
game33,616.691,619.691,"[id5], we might get our hair out of our mouth.",M,10,10
game33,619.691,621.691,"It doesn't tastes really good, does it?",M,10,10
game33,621.691,622.691,"What do we see, [id6]?",I,10,10
game33,622.691,624.691,Is that a person?,I,10,10
game33,624.691,625.691,Yeah.,I,10,10
game33,625.691,627.691,What is this person doing?,I,10,10
game33,627.691,629.691,Holding something.,I,10,10
game33,629.691,631.691,What do you think?,I,10,10
game33,631.691,633.691,That's okay.,M,10,10
game33,633.691,634.691,It's okay.,M,10,10
game33,634.691,635.691,Okay.,M,10,11
game33,635.691,638.691,"All right, my friends, well thank you for playing our game.",M,11,11
game33,638.691,641.691,"All right, we're going to go turn off the camera, okay?",M,11,11
game33,641.691,660.691,"All right, and then we'll go straight back to snack.",M,11,11
game34,-144.856,-138.856,"All right, our friends, so today we're going to play a super fun matching game.",M,NA,0
game34,-138.856,-136.856,Let us show you how it works.,M,NA,0
game34,-136.856,-133.856,"Now this is going to be Smurphy, okay?",I,NA,0
game34,-133.856,-131.856,And Smurphy is a sneaky little animal.,I,NA,0
game34,-131.856,-129.856,What animal do you think he is?,I,NA,0
game34,-129.856,-126.856,"A wolf or a fox, right?",I,NA,0
game34,-126.856,-124.856,It's kind of like a wolf or a fox.,I,NA,0
game34,-124.856,-121.856,"So now Smurphy today, he really, really wants to play this matching game",I,NA,0
game34,-121.856,-118.856,"that is on their screens today, okay?",I,NA,0
game34,-118.856,-111.856,And what he wants to do is he wants to guess the correct image in between two images.,I,NA,0
game34,-111.856,-108.856,"And you guys will both get two images to start, okay?",I,NA,0
game34,-108.856,-106.856,So I'll show you how it works.,I,NA,0
game34,-106.856,-104.856,So let's say if you have Smurphy.,I,NA,0
game34,-104.856,-102.856,So let's say [id7] has Smurphy today.,I,NA,0
game34,-102.856,-95.856,"If [id7] has Smurphy, then [id7] will help Smurphy choose the correct picture in the box.",I,NA,0
game34,-95.856,-89.856,"And if you don't have Smurphy today, then you will help [id7] sort of decide",I,NA,0
game34,-89.856,-85.856,"and pick which one is the correct one, okay?",I,NA,0
game34,-85.856,-80.856,The correct one is going to be the picture that's on the box on your screen when you don't have Smurphy.,I,NA,0
game34,-80.856,-79.856,So let's try it out.,I,NA,0
game34,-79.856,-76.856,"So let's say [id7] has Smurphy, right?",I,NA,0
game34,-76.856,-72.856,"[id8], are you going to be helping [id7]?",I,NA,0
game34,-72.856,-68.856,Like are you going to tell her what you see in the box?,I,NA,0
game34,-68.856,-65.856,Or are you going to guess what picture is in the box?,I,NA,0
game34,-65.856,-63.855999999999995,"Um, help her.",id8,NA,0
game34,-63.855999999999995,-61.855999999999995,"Yeah, you're going to tell her, right?",I,NA,0
game34,-61.855999999999995,-60.855999999999995,What you see in the box.,I,NA,0
game34,-60.855999999999995,-56.855999999999995,"And [id7], if you have Mr. Smurphy in the, or if you have Mr. Smurphy,",I,NA,0
game34,-56.855999999999995,-52.855999999999995,are you going to help Smurphy guess what picture is in the box?,I,NA,0
game34,-52.855999999999995,-48.855999999999995,Or are you going to tell what you see in the box?,I,NA,0
game34,-48.855999999999995,-46.855999999999995,Which one do you think?,I,NA,0
game34,-43.855999999999995,-40.855999999999995,Do you think it's going to be the guesser or you think it's going to be the teller?,I,NA,0
game34,-40.855999999999995,-38.855999999999995,If you're holding Smurphy.,I,NA,0
game34,-36.855999999999995,-33.855999999999995,"You're going to be the guesser, okay?",I,NA,0
game34,-33.855999999999995,-31.855999999999995,"Yeah, so should we try?",I,NA,0
game34,-31.855999999999995,-29.855999999999995,You guys ready?,I,NA,0
game34,-29.855999999999995,-28.855999999999995,Yeah?,I,NA,0
game34,-28.855999999999995,-27.855999999999995,Great.,M,NA,0
game34,-27.855999999999995,-24.855999999999995,"So after you make your guess, you're going to see a picture.",M,NA,0
game34,-24.855999999999995,-21.855999999999995,"If you see a smiley face, it was a great match.",M,NA,0
game34,-21.855999999999995,-20.855999999999995,And you helped Smurphy.,M,NA,0
game34,-20.855999999999995,-17.855999999999995,"If it was a sad face, it wasn't a match.",M,NA,0
game34,-17.855999999999995,-15.855999999999995,But you can help Smurphy later.,M,NA,0
game34,-15.855999999999995,-12.855999999999995,Do you guys have any questions?,M,NA,0
game34,-12.855999999999995,-9.855999999999995,We'll show you how the first one works.,M,NA,0
game34,-9.855999999999995,-7.8559999999999945,Do you have any questions [id7]?,M,NA,0
game34,-7.8559999999999945,-6.8559999999999945,Great.,M,NA,0
game34,-6.8559999999999945,-5.8559999999999945,Okay.,M,NA,0
game34,-5.8559999999999945,-3.8559999999999945,Can we see Smurphy really quick?,M,NA,0
game34,-3.8559999999999945,0.14400000000000546,Go ahead and press the blue box on your screen so we can get started.,M,NA,0
game34,0.14400000000000546,3.1440000000000055,"Alright, looks like you're guessing first.",M,0,0
game34,3.1440000000000055,5.1440000000000055,You're going to guess first.,M,0,0
game34,5.1440000000000055,9.144000000000005,"Alright my friend, you're going to go ahead and describe what you see in the box so [id7] can guess.",M,0,0
game34,14.144000000000005,16.144000000000005,Banana.,id8,0,0
game34,16.144000000000005,19.144000000000005,Which one looks like a banana?,I,0,0
game34,19.144000000000005,21.144000000000005,Let's press on it.,I,0,0
game34,22.144000000000005,25.144000000000005,"Great, you're going to pass Smurphy over.",I,0,1
game34,25.144000000000005,27.144000000000005,We're going to pass it on to you.,I,1,1
game34,27.144000000000005,31.144000000000005,And now we are going to describe what we see in the box to [id8].,I,1,1
game34,31.144000000000005,32.144000000000005,Okay?,I,1,1
game34,32.144000000000005,34.144000000000005,So what do we see?,I,1,1
game34,36.144000000000005,38.144000000000005,A bird.,id7,1,1
game34,38.144000000000005,41.144000000000005,Which one looks like a bird?,I,1,1
game34,41.144000000000005,43.144000000000005,Go ahead and press it when you think.,I,1,1
game34,44.144000000000005,45.144000000000005,Great.,M,1,1
game34,45.144000000000005,47.144000000000005,"Alright, now we're going to pass Smurphy over.",M,1,2
game34,47.144000000000005,48.144000000000005,Thank you.,M,2,2
game34,48.144000000000005,50.144000000000005,And that's how we're going to play the game.,M,2,2
game34,50.144000000000005,55.144000000000005,Now what do we see [id8]?,I,2,2
game34,60.144000000000005,63.144000000000005,"I know it looks kind of funny, but what do you see in it?",I,2,2
game34,63.144000000000005,65.144,What does it kind of look like?,M,2,2
game34,66.144,68.144,A shark.,id8,2,2
game34,69.144,72.144,Do you want to press the one that you think?,I,2,2
game34,76.144,78.144,Do you want to press it?,I,2,2
game34,78.144,80.144,That's okay.,I,2,2
game34,80.144,83.144,"It wasn't a match, but you guys will help Smurphy next time.",M,2,3
game34,83.144,84.144,You can help Smurphy.,M,3,3
game34,84.144,85.144,Exactly.,I,3,3
game34,85.144,87.144,Now what do we see?,I,3,3
game34,91.144,94.144,"We see the one that is inside of the box, okay?",I,3,3
game34,94.144,97.144,"Yeah, so what does that look like?",I,3,3
game34,99.144,101.144,This one looks like a shark to you.,M,3,3
game34,101.144,104.144,"Okay, she says that it looks like a shark.",M,3,3
game34,104.144,108.144,Which one do you think looks like a shark?,M,3,3
game34,108.144,111.144,"Okay, well I think you guys have different ideas",I,3,4
game34,111.144,113.144,"of what a shark looks like, right?",I,4,4
game34,113.144,114.144,That is okay.,I,4,4
game34,114.144,115.144,We can move on.,I,4,4
game34,115.144,118.144,So now what do you see [id8]?,I,4,4
game34,120.144,121.144,That's okay.,I,4,4
game34,121.144,123.144,You're just going to talk about whatever you see.,M,4,4
game34,123.144,128.144,I think it looks like a person.,id8,4,4
game34,128.144,134.144,"Okay, so now you're trying to guess which one you think looks like a person.",M,4,4
game34,134.144,136.144,That's okay.,I,4,4
game34,136.144,140.144,Do you guys want to tell us a little bit more about what you see?,I,4,4
game34,140.144,144.144,"Yeah, it kind of looks like a triangle,",id8,4,4
game34,144.144,157.144,but it kind of looks like it's sitting down.,id8,4,4
game34,157.144,160.144,And it has like a triangle face like this.,id8,4,4
game34,160.144,161.144,Yeah.,I,4,4
game34,161.144,164.144,This and this again.,id8,4,4
game34,164.144,167.144,"What do you think, [id7]?",M,4,4
game34,167.144,170.144,Which one do you think it is?,I,4,4
game34,170.144,172.144,Great job.,I,4,4
game34,172.144,173.144,"Great, guys.",M,4,4
game34,173.144,175.144,Which one's more for you guys?,M,4,4
game34,175.144,177.144,Can I have Smurphy now?,I,4,4
game34,177.144,180.144,"We're going to pass Smurphy to [id8], okay?",M,4,5
game34,180.144,181.144,Thank you.,I,5,5
game34,181.144,182.144,Thank you.,I,5,5
game34,182.144,187.144,"We're going to pass Smurphy up to [id8], okay?",I,5,5
game34,187.144,188.144,Thank you.,I,5,5
game34,188.144,189.144,Thank you for the high fives.,I,5,5
game34,189.144,192.144,Now what do we see?,I,5,5
game34,192.144,193.144,Oh my gosh.,M,5,5
game34,193.144,196.144,We want to make sure we're listening super well to [id7].,M,5,5
game34,196.144,198.144,This might be dancing really well.,I,5,5
game34,198.144,202.144,What does it look like?,I,5,5
game34,202.144,216.144,We want to make sure we're listening to Irina so we know it from the guess.,I,5,5
game34,216.144,218.144,What do we think it looks like?,I,5,5
game34,218.144,221.144,Anything.,I,5,5
game34,221.144,223.144,Walking.,id7,5,5
game34,223.144,224.144,A what?,I,5,5
game34,224.144,225.144,"Oh, like it's walking.",M,5,5
game34,225.144,226.144,Walking.,M,5,5
game34,226.144,228.144,Which one looks like it's walking to you?,M,5,5
game34,228.144,230.144,Great job.,M,5,5
game34,230.144,231.144,There we are.,M,5,6
game34,231.144,232.144,Great job.,M,6,6
game34,232.144,233.144,Great job.,M,6,6
game34,233.144,236.144,"All right, [id8], your turn.",M,6,6
game34,236.144,239.144,It's walking.,id8,6,6
game34,239.144,241.144,It's walking.,I,6,6
game34,241.144,242.144,Great.,I,6,6
game34,242.144,244.144,Let's pass it on.,I,6,6
game34,244.144,245.144,Great.,I,6,6
game34,245.144,246.144,Can I have?,I,6,6
game34,246.144,247.144,Here you go.,I,6,7
game34,247.144,248.144,Now what do we see?,I,7,7
game34,248.144,249.144,What does it look like?,I,7,7
game34,249.144,250.144,Sit down.,id7,7,7
game34,250.144,261.144,Sit down.,I,7,7
game34,261.144,262.144,Great.,I,7,7
game34,262.144,265.144,Now we're going to pass it on.,M,7,7
game34,265.144,268.144,Here comes my hat.,M,7,7
game34,268.144,280.144,A shark.,id8,7,8
game34,280.144,282.144,Which one looks like a shark?,I,8,8
game34,282.144,286.144,Doesn't it look like a shark?,I,8,8
game34,286.144,287.144,Again.,I,8,8
game34,287.144,289.144,Let's pass it on.,I,8,8
game34,289.144,291.144,Great job.,I,8,8
game34,291.144,293.144,Thank you.,I,8,9
game34,293.144,298.144,Now what do we see?,I,9,9
game34,298.144,308.144,You have to get the one that's inside of the box.,I,9,10
game34,308.144,309.144,That's OK.,NA,10,10
game34,309.144,310.144,That's OK.,NA,10,10
game34,310.144,311.144,That's OK.,NA,10,10
game34,311.144,312.144,That's OK.,NA,10,10
game34,312.144,313.144,That's OK.,NA,10,10
game34,313.144,314.144,That's OK.,NA,10,10
game34,314.144,315.144,That's OK.,M,10,10
game34,315.144,316.144,Woo.,M,10,10
game34,316.144,317.144,That's a high five.,M,10,10
game34,317.144,318.144,All right.,M,10,10
game34,318.144,319.144,Now we're to pass it on.,M,10,10
game34,319.144,320.144,"All right, Louise, your turn.",M,10,10
game34,320.144,321.144,What do you see?,M,10,10
game34,321.144,325.144,We want to make sure our friend [id7] can say it. Let's say it's super loud.,I,10,10
game34,329.144,331.144,It is sitting down.,id8,10,10
game34,331.144,333.144,Sitting down.,M,10,10
game34,333.144,335.144,Which one is it?,M,10,10
game34,337.144,339.144,Great!,M,10,10
game34,339.144,341.144,Thank you.,M,10,11
game34,341.144,343.144,Now it's your turn. What do we see in the box?,M,11,11
game34,343.144,345.144,Walking.,id7,11,11
game34,345.144,347.144,Walking.,I,11,11
game34,347.144,349.144,Great.,I,11,11
game34,349.144,351.144,Sweet.,I,11,12
game34,353.144,355.144,Thank you for the high fives.,I,12,12
game34,357.144,359.144,What happened to my hair?,I,12,12
game34,359.144,361.144,That looks super cool.,I,12,12
game34,363.144,365.144,Now do we see Irene's?,I,12,12
game34,365.144,369.144,It looks like somebody is doing like this.,id8,12,12
game34,369.144,373.144,And there is one that looks like Jesus.,id8,12,12
game34,373.144,375.144,Oh!,I,12,12
game34,375.144,379.144,She says that it looks like somebody is doing like this and giving something to Jesus.,I,12,12
game34,383.144,385.144,Great job.,I,12,NA
game34,385.144,387.144,"Oh my gosh, where have you walked?",I,13,NA
game34,387.144,389.144,Where have you walked now?,I,13,NA
game34,391.144,393.144,What are you doing?,I,13,NA
game34,393.144,395.144,Not yet.,I,13,NA
game34,395.144,397.144,Where do we see the box?,I,13,NA
game34,397.144,399.144,He wants to guess.,I,13,NA
game34,399.144,405.144,He really really wants to guess.,M,13,NA
game34,405.144,407.144,It's bald.,id7,13,NA
game34,407.144,409.144,A bald.,I,13,NA
game34,409.144,411.144,She said it's bald.,I,13,NA
game34,411.144,413.144,Smurfy's fingers are kind of soft.,I,13,NA
game34,413.144,415.144,We want to make sure you're pressing with your finger too.,I,13,NA
game34,415.144,417.144,There we go.,I,13,NA
game34,417.144,419.144,That's okay.,M,13,NA
game34,419.144,421.144,That's okay.,M,13,NA
game34,421.144,423.144,"Great, we're all done.",M,13,NA
game34,423.144,425.144,Thank you guys for playing our game.,M,13,NA
game34,425.144,427.144,Alright my friends.,M,13,NA
game34,427.144,429.144,You guys want to wave goodbye to the camera?,M,13,NA
game34,429.144,431.144,Bye bye.,M,13,NA
game34,431.144,459.144,Bye bye everyone.,M,13,NA
game35,-139.762,-137.762,Do you guys want to say hi?,I,NA,0
game35,-133.762,-127.762,So today we're gonna be playing a super duper fun matching game. Let us show you how it works.,M,NA,0
game35,-127.762,-123.762,"Now this is going to be Mr. Smurphy, okay?",I,NA,0
game35,-123.762,-118.762,And Smurphy is a very sneaky animal. What animal do we think he is?,I,NA,0
game35,-118.762,-117.762,A wolf.,id10,NA,0
game35,-117.762,-112.762,"A wolf? Okay, so then we're gonna say this is Smurphy the sneaky wolf, okay?",I,NA,0
game35,-112.762,-108.762,And Smurphy wants to play this matching game today.,I,NA,0
game35,-108.762,-102.762,And what he wants to do is he wants to guess the correct picture from two pictures.,I,NA,0
game35,-102.762,-96.762,"And this correct one will be the picture in a black box, okay?",I,NA,0
game35,-96.762,-91.762,"And let's say we have Smurphy today, okay? Let's say that [id10] has Smurphy.",I,NA,0
game35,-91.762,-83.762,"If we have Smurphy, then we will be in charge of guessing the picture that is in the black box.",I,NA,0
game35,-83.762,-73.762,"If we do not have Smurphy, then you will be in charge of telling [id10] and Smurphy what you see in the black box, okay?",I,NA,0
game35,-73.762,-70.762,"So let's try it out. Let's say you have Smurphy, right?",I,NA,0
game35,-70.762,-62.762,"If [id10] has Smurphy, [id10], are you going to guess the picture that is in the black box?",I,NA,0
game35,-62.762,-59.762,Or are you going to tell someone what you see in the black box?,I,NA,0
game35,-59.762,-49.762,First I guess.,I,NA,0
game35,-49.762,-48.762,Guess.,id10,NA,0
game35,-48.762,-46.762,"You're going to guess. Great job, yeah.",I,NA,0
game35,-46.762,-38.762,"And [id9], if you do not have Smurphy, are you going to guess first or are you going to tell [id10] what you see in the black box?",I,NA,0
game35,-38.762,-37.762,Guess.,id9,NA,0
game35,-37.762,-31.762,"You are going to tell, okay? If you don't have Smurphy, because Smurphy is the guesser, okay?",I,NA,0
game35,-31.762,-29.762,Yeah.,I,NA,0
game35,-29.762,-28.762,"Okay, okay.",I,NA,0
game35,-28.762,-23.762,"So you're going to make your guess by tapping on the one you think it is on your screen, okay?",I,NA,0
game35,-23.762,-20.762,"So after you tap, you're going to see a picture.",M,NA,0
game35,-20.762,-16.762,"If you see a smiley face, that means it was a match. Great job.",M,NA,0
game35,-16.762,-11.762,"But if you see a sad face, that means it wasn't a match, but you guys can help Smurphy later.",M,NA,0
game35,-11.762,-9.762,Do you guys have any questions?,M,NA,0
game35,-9.762,-7.7620000000000005,Any questions?,M,NA,0
game35,-7.7620000000000005,-6.7620000000000005,No.,M,NA,0
game35,-6.7620000000000005,-5.7620000000000005,Great. All right.,M,NA,0
game35,-5.7620000000000005,-1.7620000000000005,You guys can go ahead and start by pressing on the screen.,M,NA,0
game35,-1.7620000000000005,-0.7620000000000005,Press on that blue screen.,M,NA,0
game35,-0.7620000000000005,2.2379999999999995,And it looks like you are going to be the guesser first.,M,NA,0
game35,2.2379999999999995,4.2379999999999995,So you are going to have Smurphy first.,M,0,0
game35,4.2379999999999995,7.2379999999999995,"All right, my friend. So what do you see in this black box?",M,0,0
game35,7.2379999999999995,11.238,Banana.,id9,0,0
game35,11.238,12.238,Great.,M,0,0
game35,12.238,13.238,Great job.,M,0,0
game35,13.238,15.238,So that was a match.,M,0,0
game35,15.238,18.238,So now you have Smurphy and you will be in charge of guessing.,I,0,1
game35,18.238,21.238,"Okay. What do you see, [id10], in the black box?",I,1,1
game35,21.238,25.238,Apple,id10,1,1
game35,25.238,26.238,Apply,I,1,1
game35,26.238,27.238,"All right, [id9].",M,1,1
game35,27.238,29.238,Go ahead and make your guess.,M,1,1
game35,29.238,30.238,Great job.,M,1,1
game35,30.238,32.238,Now we are going to pass Smurphy back over.,M,1,1
game35,32.238,34.238,Come right over here.,M,1,2
game35,34.238,35.238,There you are.,M,2,2
game35,35.238,37.238,I don't know what shape this is.,id9,2,2
game35,37.238,38.238,I know.,M,2,2
game35,38.238,39.238,That looks dark.,M,2,2
game35,39.238,41.238,"They look kind of silly, huh?",M,2,2
game35,41.238,43.238,But you're just going to tell her whatever you see.,M,2,2
game35,43.238,46.238,Let's listen to [id9] very carefully.,I,2,2
game35,46.238,47.238,Okay.,I,2,2
game35,47.238,50.238,What do we see in the black box?,I,2,2
game35,50.238,57.59800000000001,"We know they look kind of silly, but you're just going to say whatever you think it kind",M,2,2
game35,57.59800000000001,58.59800000000001,of looks like.,M,2,2
game35,58.59800000000001,59.59800000000001,It kind of looks like a boat.,id9,2,2
game35,59.59800000000001,60.59800000000001,Oh.,M,2,2
game35,60.59800000000001,61.59800000000001,It kind of looks like a boat.,id9,2,2
game35,61.59800000000001,62.59800000000001,Because this is the part that you stand on.,id9,2,2
game35,62.59800000000001,63.59800000000001,"Oh, interesting.",M,2,2
game35,63.59800000000001,64.59800000000001,"Now which one looks like a boat to you, [id10]?",I,2,2
game35,64.59800000000001,65.59800000000001,This one.,I,2,2
game35,65.59800000000001,66.59800000000001,Should we press it?,I,2,2
game35,66.59800000000001,67.59800000000001,"If that's your guess, go ahead and press it.",M,2,2
game35,67.59800000000001,68.59800000000001,Okay.,I,2,2
game35,68.59800000000001,86.27799999999999,Do you think that's a boat?,I,2,2
game35,86.27799999999999,87.27799999999999,No.,I,2,2
game35,87.27799999999999,89.27799999999999,Do you want to give a little more descriptions?,I,2,2
game35,89.27799999999999,96.27799999999999,Do you want to tell [id10] a little bit more about what you see?,I,2,2
game35,96.27799999999999,103.27799999999999,"You have a triangle boat here, and a square, and a triangle that's on the boat, and a little",id9,2,2
game35,103.27799999999999,106.27799999999999,triangle piece coming out.,id9,2,2
game35,106.27799999999999,114.27799999999999,Which one do you think it is?,M,2,2
game35,114.27799999999999,117.27800000000002,"Smurf, you really want to guess.",M,2,2
game35,117.27800000000002,120.27800000000002,I want to guess.,id10,2,2
game35,120.27800000000002,124.27800000000002,"Let's help him guess together, huh?",I,2,2
game35,124.27800000000002,134.27800000000002,Which one do you think it would be?,I,2,2
game35,134.27800000000002,135.27800000000002,Let's just pick one.,I,2,2
game35,135.27800000000002,145.27800000000002,Which one do you think is the one that [id9] is telling you about?,I,2,2
game35,145.27800000000002,146.27800000000002,I don't know.,id10,2,2
game35,146.27800000000002,147.27800000000002,We don't know.,I,2,2
game35,147.27800000000002,150.27800000000002,Do you want to learn a little bit more about what it looks like?,I,2,2
game35,150.27800000000002,153.27800000000002,This is all I can tell.,id9,2,2
game35,153.27800000000002,157.27800000000002,"So she said it looks like a boat, and there's some triangles that go like this.",I,2,2
game35,157.27800000000002,158.27800000000002,I don't know.,id10,2,2
game35,158.27800000000002,159.27800000000002,Should we press it?,I,2,2
game35,159.27800000000002,160.27800000000002,Let's press it.,I,2,2
game35,160.27800000000002,161.27800000000002,Maybe.,id10,2,2
game35,161.27800000000002,162.27800000000002,It's okay.,I,2,2
game35,162.27800000000002,163.27800000000002,It's whichever one you think.,I,2,2
game35,163.27800000000002,164.27800000000002,Yeah.,I,2,2
game35,164.27800000000002,165.27800000000002,"And if it's wrong, that's okay.",I,2,2
game35,165.27800000000002,166.27800000000002,We can try again next time.,I,2,2
game35,166.27800000000002,167.27800000000002,Yeah.,I,2,2
game35,167.27800000000002,168.27800000000002,So it's okay.,I,2,2
game35,168.27800000000002,169.27800000000002,Let's press the one that you think it is.,I,2,2
game35,169.27800000000002,170.27800000000002,Great job.,I,2,2
game35,170.27800000000002,184.27800000000002,Now we're going to pass Smurfy on .,I,2,3
game35,184.27800000000002,185.27800000000002,Great job helping Smurfie.,I,3,3
game35,185.27800000000002,186.27800000000002,All right.,I,3,3
game35,186.27800000000002,188.27800000000002,How does that look like?,I,3,3
game35,188.27800000000002,189.27800000000002,That's silly.,id10,3,3
game35,189.27800000000002,196.27800000000002,"When I press this one, it turns into this one.",id10,3,3
game35,196.27800000000002,198.27800000000002,"That is so silly, right?",I,3,3
game35,198.27800000000002,201.27800000000002,What do we see in the black box now?,I,3,3
game35,201.27800000000002,202.27800000000002,This.,id10,3,3
game35,202.27800000000002,204.27800000000002,This is silly stuff.,id10,3,3
game35,204.27800000000002,206.27800000000002,This is silly stuff.,I,3,3
game35,206.27800000000002,210.27800000000002,So how would you tell [id9] which one to guess?,M,3,3
game35,210.27800000000002,211.27800000000002,[id9].,id10,3,3
game35,211.27800000000002,212.27800000000002,I will show you the which one.,id10,3,3
game35,212.27800000000002,214.27800000000002,"Oh, my friend, we want to sit down.",M,3,3
game35,214.27800000000002,217.27800000000002,Because we just want to tell so they can guess.,M,3,3
game35,217.27800000000002,218.27800000000002,Yeah.,M,3,3
game35,218.27800000000002,222.27800000000002,So you want to tell her what's in the black box so she can guess.,I,3,3
game35,222.27800000000002,223.27800000000002,[id9].,id10,3,3
game35,223.27800000000002,225.27800000000002,Pay attention.,id10,3,3
game35,225.27800000000002,226.27800000000002,She is.,M,3,3
game35,226.27800000000002,228.27800000000002,She is going to pay attention.,I,3,3
game35,228.27800000000002,229.27800000000002,[id9].,id10,3,3
game35,229.27800000000002,230.27800000000002,[id9].,id10,3,3
game35,230.27800000000002,231.27800000000002,Yes.,id9,3,3
game35,231.27800000000002,232.27800000000002,[id9].,id10,3,3
game35,232.27800000000002,243.27800000000002,The one in a boat is a boat.,id10,3,3
game35,243.27800000000002,245.27800000000002,I think I see it.,id9,3,3
game35,245.27800000000002,250.27800000000002,Do you want to tap it so you can guess?,M,3,3
game35,250.27800000000002,252.27800000000002,Try again.,M,3,3
game35,252.27800000000002,253.27800000000002,It's okay.,M,3,3
game35,253.27800000000002,255.27800000000002,"Oh, that's okay.",M,3,3
game35,255.27800000000002,256.278,All right.,M,3,3
game35,256.278,258.278,We are going to pass it back to our friend.,I,3,4
game35,258.278,259.278,There you are.,I,4,4
game35,259.278,260.278,Okay.,I,4,4
game35,260.278,261.278,Your turn to help [id9] guess.,I,4,4
game35,261.278,262.278,All right.,I,4,4
game35,262.278,263.278,[id9].,I,4,4
game35,263.278,264.278,What do you see in the box?,I,4,4
game35,264.278,266.278,A rocket ship.,id9,4,4
game35,266.278,268.278,A rocket ship.,I,4,4
game35,268.278,271.278,I don't see any in mine.,id10,4,4
game35,271.278,273.278,She doesn't see a rocket ship.,I,4,4
game35,273.278,274.278,Do you want to tell her?,I,4,4
game35,274.278,278.278,It's kind of looking like it has feet and it's walking.,id9,4,4
game35,278.278,281.278,And it has a square on its head.,id9,4,4
game35,281.278,284.278,She's looking down.,id10,4,4
game35,284.278,288.278,"She's asking you, is the person looking down?",I,4,4
game35,288.278,289.278,Yes.,id9,4,4
game35,289.278,292.278,Which one do you think it is?,I,4,4
game35,292.278,293.278,Great job.,I,4,4
game35,293.278,296.278,Do you want to give Smurphy to me?,I,4,5
game35,296.278,297.278,Thank you.,I,5,5
game35,297.278,298.278,Here you go.,I,5,5
game35,298.278,301.278,Let's describe what we see in the black box.,I,5,5
game35,301.278,306.278,He's holding a square looking up.,id10,5,5
game35,306.278,311.278,He's holding something with a square looking up.,I,5,5
game35,311.278,314.278,What do you think it is?,I,5,5
game35,314.278,316.278,This one.,id9,5,5
game35,316.278,318.278,Let's make the guess.,I,5,5
game35,318.278,319.278,This one?,id9,5,5
game35,319.278,321.278,Is that the one you want to guess?,M,5,5
game35,321.278,322.278,Great.,M,5,5
game35,322.278,323.278,Great job.,M,5,5
game35,323.278,326.278,"Whatever you want to guess, just go ahead and top it.",M,5,6
game35,326.278,328.278,There you are.,M,6,6
game35,328.278,331.278,Here you go.,M,6,6
game35,331.278,333.278,Now what do we see [id9]?,I,6,6
game35,333.278,338.278,I see a mon-,id9,6,6
game35,338.278,342.278,Something that looks like a monster eating a square.,id9,6,6
game35,342.278,344.278,Oh.,I,6,6
game35,344.278,350.278,Do you think it's out of your guess?,I,6,6
game35,350.278,352.278,"Whatever you're ready, just top it.",I,6,6
game35,352.278,354.278,You can make the guess.,I,6,6
game35,354.278,356.278,"Yeah, obviously.",NA,6,6
game35,356.278,358.278,Does that hurt anybody when you smile?,NA,6,6
game35,358.278,359.278,Yeah.,NA,6,6
game35,359.278,360.278,"Oh, I'm sorry.",NA,6,6
game35,360.278,362.278,I'm so sorry.,NA,6,6
game35,362.278,365.278,I'm so sorry.,NA,6,6
game35,365.278,372.27799999999996,Yeah.,NA,6,6
game35,372.27799999999996,375.27799999999996,She said it looks like a monster.,M,6,6
game35,375.27799999999996,376.27799999999996,Ready?,M,6,6
game35,376.27799999999996,380.27799999999996,You said eating something?,M,6,6
game35,380.27799999999996,382.27799999999996,Great job.,I,6,6
game35,382.27799999999996,384.27799999999996,Thank you for helping Smurphy.,I,6,NA
game35,384.27799999999996,386.27799999999996,I'll get Smurphy from you now.,I,7,NA
game35,386.27799999999996,388.27799999999996,Here you go.,I,7,NA
game35,388.27799999999996,390.27799999999996,I don't want to play it anymore.,id10,7,NA
game35,390.27799999999996,391.27799999999996,You want to play it more?,I,7,NA
game35,391.27799999999996,392.27799999999996,No.,id10,7,NA
game35,392.27799999999996,394.27799999999996,"Oh, you don't want to play it anymore?",I,7,NA
game35,394.27799999999996,395.27799999999996,Okay.,I,7,NA
game35,395.27799999999996,396.27799999999996,You want to go back to class?,I,7,NA
game35,396.27799999999996,397.27799999999996,Yeah.,id10,7,NA
game35,397.27799999999996,398.27799999999996,All right.,I,7,NA
game35,398.27799999999996,399.27799999999996,My friends want to go back to class.,I,7,NA
game35,399.27799999999996,400.27799999999996,Yeah.,I,7,NA
game35,400.27799999999996,404.27799999999996,"We want our friends to go back to class, so we want to make sure our friends are always",I,7,NA
game35,404.27799999999996,405.27799999999996,comfortable.,I,7,NA
game35,405.27799999999996,407.27799999999996,But we can play something when you're back in the classroom.,M,7,NA
game35,407.27799999999996,408.27799999999996,Does that sound good?,M,7,NA
game35,408.27799999999996,409.27799999999996,Yeah.,M,7,NA
game35,409.27799999999996,410.27799999999996,Great.,M,7,NA
game35,410.27799999999996,411.27799999999996,All right.,M,7,NA
game35,411.27799999999996,412.27799999999996,I'm going to go turn off the camera.,M,7,NA
game35,412.27799999999996,414.27799999999996,Do you guys want to wave goodbye?,M,7,NA
game35,414.27799999999996,424.27799999999996,All right.,M,7,NA
game36,-159.374,-158.094,Camera.,M,NA,0
game36,-158.094,-157.254,Hi.,M,NA,0
game36,-157.254,-155.934,Great.,M,NA,0
game36,-155.934,-155.094,All right.,M,NA,0
game36,-153.974,-151.694,"All right, you're about to finish setting up",M,NA,0
game36,-151.694,-150.814,and we have good to go.,M,NA,0
game36,-148.534,-147.334,What do you do with this?,M,NA,0
game36,-147.334,-145.014,We'll show you in just a minute.,M,NA,0
game36,-145.014,-142.974,"[id12], were you painting today?",M,NA,0
game36,-142.974,-141.57399999999998,Were you coming with markers?,M,NA,0
game36,-138.814,-136.334,"All right, so now we can show you.",M,NA,0
game36,-136.334,-133.494,So today we're gonna play a super duper fun,M,NA,0
game36,-133.494,-132.094,of a matching game.,M,NA,0
game36,-132.094,-130.73399999999998,"Let us show you how, oops,",M,NA,0
game36,-130.73399999999998,-129.534,is [id11]'s messing up?,M,NA,0
game36,-129.534,-128.694,"Oh, no.",I,NA,0
game36,-128.694,-127.41399999999999,"Okay, great.",M,NA,0
game36,-126.53399999999999,-124.53399999999999,We're gonna play a super duper fun matching game.,M,NA,0
game36,-124.53399999999999,-122.934,Let us show you how it works.,M,NA,0
game36,-122.934,-117.934,"Now this, my friends, is going to be Smurphy, okay?",I,NA,0
game36,-117.654,-114.614,And Smurphy is a very mysterious little creature.,I,NA,0
game36,-114.614,-112.334,What does he look like to you?,I,NA,0
game36,-112.334,-111.494,Wolf.,id11,NA,0
game36,-111.494,-110.654,A wolf.,I,NA,0
game36,-110.654,-108.614,What does he look like to you?,I,NA,0
game36,-108.614,-107.774,A bear.,id12,NA,0
game36,-107.774,-106.934,A bear.,I,NA,0
game36,-106.934,-105.494,"Okay, so now we have Smurphy,",I,NA,0
game36,-105.494,-102.614,"who's kind of half wolf, half bear.",I,NA,0
game36,-102.614,-99.214,"And he really, really wants to play this matching game today.",I,NA,0
game36,-99.214,-97.294,"Okay, will you help him?",I,NA,0
game36,-97.294,-96.054,"Yeah, okay.",I,NA,0
game36,-96.054,-93.89399999999999,"So, you may ask, right?",I,NA,0
game36,-93.89399999999999,-91.734,How are we going to help Smurphy?,I,NA,0
game36,-91.734,-90.014,"Now, with this matching game,",I,NA,0
game36,-90.014,-84.934,"you guys will see two pictures on your screen, okay?",I,NA,0
game36,-84.934,-81.414,And you will be in charge of helping Smurphy guess,I,NA,0
game36,-81.414,-76.814,"which picture is in the black box, okay?",I,NA,0
game36,-76.814,-74.53399999999999,"So if you don't have Smurphy,",I,NA,0
game36,-74.53399999999999,-70.414,you will be in charge of telling Smurphy and your friend,I,NA,0
game36,-70.414,-68.17399999999999,what you see in the black box.,I,NA,0
game36,-68.17399999999999,-65.53399999999999,"Yeah, if you do have Smurphy though,",I,NA,0
game36,-65.53399999999999,-62.61399999999999,"you will help Smurphy guess, okay?",I,NA,0
game36,-62.61399999999999,-60.69399999999999,"Okay, I don't really understand.",id11,NA,0
game36,-60.69399999999999,-59.854,We'll show you.,M,NA,0
game36,-59.854,-58.134,"We'll show you how it works, okay?",M,NA,0
game36,-58.134,-55.934,"So, what's gonna happen though?",M,NA,0
game36,-55.934,-52.134,"So, you both are gonna have two pictures on your screen.",M,NA,0
game36,-52.134,-50.054,One of you at the time is gonna have a black box,M,NA,0
game36,-50.054,-48.494,around one of those pictures.,M,NA,0
game36,-48.494,-44.61399999999999,"So, if our friend [id12] has the picture with the black box,",M,NA,0
game36,-44.61399999999999,-43.414,you'll have Smurphy.,M,NA,0
game36,-43.414,-40.733999999999995,And [id12] will tell you what's in the black box,M,NA,0
game36,-40.733999999999995,-38.494,so you can help Smurphy guess.,M,NA,0
game36,-38.494,-35.69399999999999,"And we'll show you in just a minute, just double check, okay?",M,NA,0
game36,-35.69399999999999,-33.89399999999999,"So, when you're ready to make your guess,",M,NA,0
game36,-33.89399999999999,-31.293999999999983,"you're gonna just touch on it on the screen, tap on the screen,",M,NA,0
game36,-31.293999999999983,-29.494,and then you're gonna see a picture.,M,NA,0
game36,-29.494,-27.133999999999986,"If you see the smiley face, it was a match.",M,NA,0
game36,-27.133999999999986,-25.054000000000002,"Great job, you helped Smurphy.",M,NA,0
game36,-25.054000000000002,-21.774,"If you see the sad face, that means it wasn't a match.",M,NA,0
game36,-21.774,-19.054000000000002,"But it's okay, you guys can help Smurphy next time.",M,NA,0
game36,-19.054000000000002,-17.133999999999986,Do you guys have any questions?,M,NA,0
game36,-17.133999999999986,-14.653999999999996,"Well, I don't understand about the matching.",id11,NA,0
game36,-14.653999999999996,-12.894000000000005,"Okay, we'll show you with the next one",M,NA,0
game36,-12.894000000000005,-12.054000000000002,so that we can make it.,M,NA,0
game36,-12.054000000000002,-10.853999999999985,And you can put out any other questions,M,NA,0
game36,-10.853999999999985,-9.454000000000008,"afterwards, just let us know, okay?",M,NA,0
game36,-9.454000000000008,-8.614000000000004,Yeah.,M,NA,0
game36,-8.614000000000004,-7.293999999999983,"Okay, does that sound good, [id12]?",M,NA,0
game36,-7.293999999999983,-5.9739999999999895,"All right, let's try it out.",M,NA,0
game36,-5.9739999999999895,-4.013999999999982,Go ahead and touch the blue button.,M,NA,0
game36,-2.9339999999999975,-1.3340000000000032,You wanna touch the blue button?,M,NA,0
game36,-1.3340000000000032,-0.2939999999999827,What?,M,NA,0
game36,-0.2939999999999827,0.7460000000000093,"Okay, look.",M,NA,0
game36,0.7460000000000093,2.466000000000008,"So, it looks like you.",M,0,0
game36,2.466000000000008,6.306000000000012,"So, it looks like you have a picture in a black box, right?",M,0,0
game36,6.306000000000012,8.986000000000018,So now [id12] is gonna hold Smurphy.,M,0,0
game36,8.986000000000018,10.105999999999995,So now let's see.,M,0,0
game36,10.105999999999995,11.986000000000018,What does it look like to you?,M,0,0
game36,11.986000000000018,12.825999999999993,Apple.,id11,0,0
game36,12.825999999999993,15.665999999999997,"Apple, so now [id12]'s gonna guess.",I,0,0
game36,15.665999999999997,17.466000000000008,Which one looks like an apple?,I,0,0
game36,17.466000000000008,18.626000000000005,Apple.,id12,0,0
game36,18.626000000000005,20.906000000000006,Go ahead and touch which one you think.,M,0,0
game36,20.906000000000006,21.74600000000001,What?,id12,0,0
game36,21.74600000000001,23.30600000000001,Which one do you think is an apple?,M,0,0
game36,24.866000000000014,27.066000000000003,I think it's like a red apple.,id12,0,0
game36,27.066000000000003,28.906000000000006,"I don't know, but which one of these two do you think?",M,0,0
game36,28.906000000000006,30.906000000000006,Do you think it's this one or this one?,M,0,0
game36,30.906000000000006,31.74600000000001,This one.,id12,0,0
game36,31.74600000000001,32.58600000000001,"Okay, touch it.",M,0,0
game36,33.946,35.30600000000001,"Great job, that was a match.",M,0,0
game36,35.30600000000001,36.146000000000015,Great job.,M,0,0
game36,36.146000000000015,36.98600000000002,"This one, please.",M,0,0
game36,36.98600000000002,39.626000000000005,"Now, Smurphy's gonna come over here to [id11].",M,0,1
game36,39.626000000000005,41.26599999999999,"And now we're going to guess, okay?",M,1,1
game36,41.26599999999999,42.30600000000001,"So, [id12].",I,1,1
game36,42.30600000000001,45.02600000000001,Tell her what's in the black box.,I,1,1
game36,45.02600000000001,46.02600000000001,A banana.,id12,1,1
game36,46.02600000000001,46.866000000000014,A banana.,I,1,1
game36,50.385999999999996,52.226,Let's tap again,I,1,1
game36,52.226,53.066,Great.,I,1,1
game36,53.066,54.54599999999999,Does the matching make sense?,M,1,1
game36,54.54599999999999,55.385999999999996,Yeah.,id11,1,1
game36,55.385999999999996,56.226,Great.,I,1,2
game36,56.226,57.066,Yeah.,M,2,2
game36,57.066,57.906000000000006,Great.,M,2,2
game36,57.906000000000006,58.74600000000001,So now we're gonna move Smurphy back.,M,2,2
game36,58.74600000000001,60.946,"Look, it's so hard.",id12,2,2
game36,60.946,61.786,We know.,M,2,2
game36,61.786,62.906000000000006,"These pictures look kind of silly,",M,2,2
game36,62.906000000000006,65.346,but you're still gonna tell [id12] whatever you see.,M,2,2
game36,65.346,66.186,Okay?,M,2,2
game36,66.186,67.02600000000001,"Whatever you see, okay?",M,2,2
game36,67.02600000000001,69.70600000000002,What it kind of looks like in a black box.,M,2,2
game36,69.70600000000002,72.506,"In a black box, it looks like,",M,2,2
game36,73.506,78.30600000000001,it looks like it's a superhero with ears,id11,2,2
game36,78.30600000000001,81.30600000000001,coming out of its legs with a diamond crown.,id11,2,2
game36,81.30600000000001,82.146000000000015,Wow.,I,2,2
game36,82.146000000000015,82.98600000000002,Whoa.,I,2,2
game36,83.86600000000001,86.226,So it looks like a superhero with legs,I,2,2
game36,86.226,87.86600000000001,coming out of its ears.,I,2,2
game36,87.86600000000001,88.70600000000002,No.,I,2,2
game36,88.70600000000002,91.46600000000001,Legs coming out of its head with a diamond crown.,id11,2,2
game36,91.46600000000001,93.106,A diamond crown.,I,2,2
game36,93.106,95.226,So what do you think looks like that to you?,I,2,2
game36,95.226,96.226,What's this one?,id12,2,2
game36,96.226,101.22600000000003,So she has one of these two pictures in the black box.,M,2,2
game36,101.506,104.02599999999998,And she's just trying to tell you about it.,M,2,2
game36,104.02599999999998,106.506,Do you wanna give her what you think it is one more time?,M,2,2
game36,106.506,107.34600000000003,Okay.,id11,2,2
game36,107.34600000000003,109.66600000000003,I think it's a superhero with his legs,id11,2,2
game36,109.66600000000003,112.02599999999998,with its head coming out of its legs,id11,2,2
game36,112.02599999999998,113.42600000000002,with a diamond crown.,id11,2,2
game36,113.42600000000002,116.386,"Oh, so which one of these two sounds like that to you?",M,2,2
game36,117.58599999999998,121.02599999999998,"Mom, let's look at the diamond body with a head.",id12,2,2
game36,121.02599999999998,123.506,"Oh, is that your guess?",M,2,2
game36,123.506,126.42600000000002,"All right, go ahead and touch it.",M,2,2
game36,126.42600000000002,127.66600000000003,That's okay.,M,2,2
game36,127.66600000000003,129.90599999999998,So that's what happened when it's not a match.,M,2,2
game36,129.90599999999998,131.506,But you can help next time.,M,2,3
game36,131.506,132.34600000000003,That's what she picked.,M,3,3
game36,132.34600000000003,134.066,"All right, so we're gonna go get it.",M,3,3
game36,135.946,139.306,"All right, now we're gonna tell her what's in this box.",M,3,3
game36,139.306,141.34600000000003,What does it kind of look like to you?,M,3,3
game36,141.34600000000003,144.58599999999998,A boat with a square on top,id12,3,3
game36,147.10600000000002,149.10600000000002,"Whoa, good job.",M,3,3
game36,149.10600000000002,150.706,I see Luna.,id11,3,3
game36,150.706,151.54600000000002,There you go.,I,3,4
game36,151.54600000000002,153.10600000000002,I see.,I,4,4
game36,153.10600000000002,156.78600000000003,"Okay, it looks like a cooker with a diamond.",id11,4,4
game36,156.78600000000003,161.78600000000003,It looks like a cooker holding a bowl of food.,id11,4,4
game36,162.826,164.54600000000002,That kind of looks like a coffee filter,id11,4,4
game36,164.54600000000002,166.386,with a diamond shaped head.,id11,4,4
game36,166.386,167.706,Whoa.,I,4,4
game36,167.706,169.066,So it looks like a cooker,I,4,4
game36,169.066,173.10600000000002,who's holding a bowl of food with a diamond shaped head.,I,4,4
game36,173.10600000000002,175.22600000000003,Which one of those two looks like that to you?,I,4,4
game36,175.22600000000003,180.22600000000003,And this one has a little diamond on top of his head,id12,4,4
game36,180.22600000000003,185.22600000000003,and a bowl of triangles inside and with one way.,id12,4,4
game36,185.626,187.78600000000003,"Oh, so is that when you're guess?",M,4,4
game36,187.78600000000003,190.506,"So we're gonna touch whichever one's our guess, okay?",M,4,4
game36,190.506,191.66600000000003,So you wanna touch it?,M,4,4
game36,191.66600000000003,192.506,Yeah.,M,4,4
game36,194.66600000000003,195.506,Great job.,M,4,4
game36,195.506,196.34600000000003,Good job.,M,4,4
game36,196.34600000000003,197.186,Good job.,M,4,4
game36,197.186,198.02599999999998,Good job.,M,4,5
game36,198.866,199.706,Okay.,M,5,5
game36,199.706,200.54600000000002,I love it.,M,5,5
game36,200.54600000000002,202.10600000000002,What do you see?,M,5,5
game36,202.10600000000002,206.78600000000003,I see a diamond with a diamond head with two feet,id12,5,5
game36,206.78600000000003,208.266,and two arms.,id12,5,5
game36,208.266,210.266,Hmm.,I,5,5
game36,210.266,211.746,"Oh, that's okay.",I,5,5
game36,211.746,212.98600000000002,We can try the next side.,I,5,5
game36,213.866,216.54600000000002,"All right, now you're gonna help us with the guess.",I,6,6
game36,216.54600000000002,221.54600000000002,I see a superhero with legs but with a head,id11,6,6
game36,223.58599999999998,226.42600000000002,coming out of his legs and a diamond crown.,id11,6,6
game36,227.78600000000003,232.78600000000003,We see a superhero with legs and a head coming out.,I,6,6
game36,232.78600000000003,235.42600000000002,It's coming out of his legs and a diamond crown.,I,6,6
game36,235.42600000000002,236.826,And a diamond crown.,I,6,6
game36,236.826,237.66600000000003,Oops.,I,6,6
game36,237.66600000000003,239.34600000000003,Which one looks like that to you?,I,6,6
game36,239.34600000000003,243.34600000000003,Is it like a boat with a square with a couple of,id12,6,6
game36,243.34600000000003,245.186,triangles here?,id12,6,6
game36,245.186,246.42600000000002,Oh.,M,6,6
game36,246.42600000000002,249.626,So which one looks like what [id11] said though?,M,6,6
game36,249.626,253.42600000000002,What looks like a superhero with legs and a head?,M,6,6
game36,253.42600000000002,254.266,Two legs.,id11,6,6
game36,254.266,256.78600000000006,Two legs and a diamond crown.,M,6,6
game36,256.78600000000006,260.66600000000005,Which one looks like it has two legs and a diamond crown?,I,6,6
game36,260.66600000000005,263.02599999999995,"Oh, actually no, it looks different now.",id11,6,6
game36,263.02599999999995,268.02599999999995,But I see there's legs there and then there's the arms,id11,6,6
game36,269.02599999999995,272.346,coming in the middle and then the diamond-shaped head,id11,6,6
game36,272.346,273.18600000000004,on the top.,id11,6,6
game36,273.18600000000004,274.02599999999995,I see you.,M,6,6
game36,274.02599999999995,276.586,So we have legs and then arms in the middle,M,6,6
game36,276.586,278.30600000000004,and a head on top.,M,6,6
game36,278.30600000000004,280.106,Which one looks like that to you?,M,6,6
game36,280.106,280.946,I don't know.,M,6,6
game36,281.78600000000006,283.106,Alright touch your guess.,M,6,6
game36,284.826,285.66600000000005,Oh.,M,6,6
game36,285.66600000000005,286.66600000000005,That's okay.,M,6,6
game36,287.66600000000005,289.466,"All right, we're gonna pass Marvion.",M,6,7
game36,289.466,291.38599999999997,Choo choo choo choo choo.,M,7,7
game36,291.38599999999997,292.626,Now it will be your turn.,M,7,7
game36,292.626,293.466,No.,id11,7,7
game36,293.466,294.466,Hey.,I,7,7
game36,294.466,295.466,Hi.,I,7,7
game36,295.466,296.466,Hi.,I,7,7
game36,296.466,298.30600000000004,He wants to guess.,I,7,7
game36,298.30600000000004,299.626,Are we going to help him guess?,I,7,7
game36,299.626,300.466,All right.,I,7,7
game36,300.466,302.106,So what do you see in the black box?,I,7,7
game36,302.106,303.746,A person.,id12,7,7
game36,303.746,305.38599999999997,A person.,I,7,7
game36,305.38599999999997,308.14599999999996,"Oh, that was a good guess.",I,7,7
game36,310.14599999999996,310.986,Thank you for moving.,M,8,8
game36,310.986,312.866,"Smurfy, how do you see your turn, Smurfy?",M,8,8
game36,312.866,313.706,What do you see?,I,8,8
game36,313.706,314.54600000000005,Hmm.,I,8,8
game36,314.54600000000005,317.14599999999996,I see a boat with a tank.,id11,8,8
game36,317.14599999999996,319.90599999999995,I see a boat thing with the two triangles,id11,8,8
game36,319.90599999999995,322.66600000000005,in the back with the square in the front.,id11,8,8
game36,322.66600000000005,325.18600000000004,So she said a boat with two triangles,M,8,8
game36,325.18600000000004,327.54600000000005,and the square in the front and a triangle in the back.,M,8,8
game36,327.54600000000005,330.18600000000004,"Oh, we don't want to put Smurfy in our mouth.",M,8,8
game36,330.18600000000004,331.78600000000006,We don't want to eat Smurfy.,M,8,8
game36,331.78600000000006,333.226,I bet he doesn't taste very good,M,8,8
game36,334.06600000000003,335.826,So which one looks like a boat to you?,M,8,8
game36,336.826,337.706,This one.,id12,8,8
game36,337.706,338.826,Top of your guess.,M,8,8
game36,340.826,342.26599999999996,Great job.,M,8,8
game36,342.26599999999996,343.26599999999996,I'm gonna pass him on.,M,8,8
game36,343.26599999999996,344.746,Choo choo choo choo.,M,8,9
game36,344.746,345.826,Hmm.,M,9,9
game36,345.826,348.06600000000003,What do you see in the black box?,id11,9,9
game36,348.06600000000003,350.106,"So [id12], what do we see in the black box?",M,9,9
game36,351.06600000000003,356.06600000000003,"Um, like a person with one leg and a triangle",id12,9,9
game36,357.3059999999999,362.3059999999999,on the holding a triangle with a diamond on the head.,id12,9,9
game36,362.866,365.1859999999999,"Oh, great.",M,9,9
game36,367.866,368.706,There you go.,I,10,10
game36,368.706,369.946,"Thank you, Arya.",I,10,10
game36,369.946,371.506,Now let's describe what we see.,I,10,10
game36,371.506,372.706,Hmm.,I,10,10
game36,372.706,377.706,I see legs with the arms in the middle of the diamond's head.,id11,10,10
game36,378.06600000000003,379.586,Oh.,M,10,10
game36,379.586,380.42599999999993,Again.,id11,10,10
game36,380.42599999999993,381.26599999999996,Again.,I,10,10
game36,381.26599999999996,383.106,Oh.,I,10,10
game36,383.106,384.78599999999994,We don't want Smurfy in our mouth.,M,10,10
game36,386.14599999999996,387.746,Which one do you think it is?,M,10,10
game36,390.54599999999994,391.54599999999994,Tap on your guess.,M,10,10
game36,393.78599999999994,394.626,"Oh, great.",M,10,10
game36,394.626,395.946,Great.,M,10,10
game36,395.946,397.506,"Oh, I knew it.",id11,10,11
game36,397.506,398.78599999999994,Here we go.,I,11,11
game36,398.78599999999994,399.826,Now what do we see?,I,11,11
game36,399.826,400.826,This is three.,I,11,11
game36,400.826,404.26599999999996,And this one.,I,11,11
game36,404.26599999999996,406.26599999999996,What does he look like?,I,11,11
game36,406.26599999999996,410.26599999999996,A person in half two ways with a square crown.,id12,11,11
game36,412.26599999999996,413.866,Great.,M,11,11
game36,413.866,414.706,Yes.,I,11,11
game36,414.706,417.26599999999996,You guys are helping Smurfy so well.,I,11,12
game36,418.1859999999999,419.78599999999994,"Now what do we see, [id11]?",I,12,12
game36,419.78599999999994,424.346,"Okay, I see a cooker with one leg",id11,12,12
game36,424.346,428.106,that has a diamond shape head with a bowl of food.,id11,12,12
game36,428.106,429.346,Oh.,M,12,12
game36,429.346,432.14599999999996,So a cooker with a diamond shape head and a bowl of food.,M,12,12
game36,432.14599999999996,434.06600000000003,"Which one looks like back to you, [id12]?",M,12,12
game36,436.226,437.26599999999996,Tap on your guess.,M,12,12
game36,439.346,440.66599999999994,Great.,M,12,12
game36,440.66599999999994,442.586,"Let's see, let's see.",M,12,NA
game36,442.586,444.06600000000003,All right.,M,13,NA
game36,444.06600000000003,445.626,"[id12], what do you see?",M,13,NA
game36,445.626,450.1859999999999,A boat and with a triangle tail,id12,13,NA
game36,450.1859999999999,453.506,and a little square on top of his head.,id12,13,NA
game36,453.506,454.826,Oh.,M,13,NA
game36,454.826,455.66599999999994,Yay.,M,13,NA
game36,455.66599999999994,456.506,There he is.,M,13,NA
game36,458.26599999999996,459.106,Oh my gosh.,M,13,NA
game36,459.106,462.06600000000003,"Oh, thank you guys for playing our game.",M,13,NA
game36,462.06600000000003,464.626,"All right, we're gonna turn off our camera.",M,13,NA
game36,464.626,466.06600000000003,Do you guys want to turn off the camera?,M,13,NA
game36,466.06600000000003,467.1859999999999,This is good thing.,M,13,NA
game36,467.1859999999999,468.02599999999995,Good thing.,M,13,NA
game36,468.02599999999995,468.866,Bye.,M,13,NA
game36,468.866,491.946,"All right, we're gonna turn off the camera.",M,13,NA
